GameName,NewLink
"Visions of Mana Digital Deluxe Edition","https://i.ibb.co/yBy7Jvqs/d78c1e48633a.jpg"
"Ducati World Racing Challenge","https://i.ibb.co/KjH1vY2k/c37f51f16755.jpg"
"The Mummy","https://i.ibb.co/gC3D0n8/84e6debc709f.jpg"
"Dragon Seeds","https://i.ibb.co/TxZQf4sj/4208585a9668.jpg"
"TOMBI","https://i.ibb.co/MyGnKR8S/001a7778a129.jpg"
"Front Mission 3","https://i.ibb.co/5XV4v0kL/e02e024f05cc.jpg"
"Terry Pratchetts Discworld","https://i.ibb.co/KzRQP5FR/0398742adc0b.jpg"
"C 12 The Final Resistance","https://i.ibb.co/MxnyPq0T/f042eb3101cc.jpg"
"Independence Day","https://i.ibb.co/wZVTXT1K/3e0d8d3b5a8c.jpg"
"Diablo","https://i.ibb.co/cKW5bb5c/0d650f554336.jpg"
"Men in Black The Game","https://i.ibb.co/rRg6Dr9m/66d309a50e12.jpg"
"Stuart Little 2","https://i.ibb.co/DPmN2LLc/4144c7f4ffbf.jpg"
"Fluid","https://i.ibb.co/GQTD6Zh9/7151d218e49d.jpg"
"Dark Legend","https://i.ibb.co/whJPwT1c/54e43955aa59.jpg"
"Disneys The Little Mermaid 2","https://i.ibb.co/B5HM61fk/071e054a2538.jpg"
"Fishermans Bait A Bass Challenge","https://i.ibb.co/qQzmv70/4f7fadd34465.jpg"
"Suiko Enbu Fuunsaiki","https://i.ibb.co/vCYrx1rq/cddd65f37186.jpg"
"The Smurfs","https://i.ibb.co/Xfbcjbr2/1f8c8871c72e.jpg"
"Firo and Klawd","https://i.ibb.co/yn3D3G5t/68d8e1bb59b6.jpg"
"Metal Black","https://i.ibb.co/MyDcCQGb/fb153612d848.jpg"
"Blast Wind","https://i.ibb.co/gL5T1nsh/354e303e95aa.jpg"
"The Crew 2","https://i.ibb.co/twBjjtXC/3e389d277f2c.jpg"
"Final Fantasy Origins","https://i.ibb.co/ycCvZpjM/cf038b296c88.jpg"
"Sengoku Basara X Cross","https://i.ibb.co/wNgybzHT/cc82c2853348.jpg"
"DoDonPachi Blissful Death Re Incarnation","https://i.ibb.co/h1frV4Zf/42ed8ccc7595.jpg"
"Mozart Requiem","https://i.ibb.co/PG3YX8pq/b5ec33cf9f10.jpg"
"DreadOut 2","https://i.ibb.co/W41J36Gj/50956980617e.jpg"
"Groove Adventure Rave Plue no Daibouken","https://i.ibb.co/chWYSn5w/b73cddef54ce.jpg"
"TIEBREAK Official Game of The ATP and WTA","https://i.ibb.co/Y7ycr2sM/d78764959f0e.jpg"
"Exophobia","https://i.ibb.co/nsWWwqgz/f640efde1acf.jpg"
"Prototype","https://i.ibb.co/WWzXF0Jz/9983d60eb9de.jpg"
"Gunfighter The legend of Jesse James","https://i.ibb.co/fzQCxnpT/5f8f768d958e.jpg"
"DreamWeb","https://i.ibb.co/7xY96QmV/4dcd0f84d9a8.jpg"
"Vagante","https://i.ibb.co/5gwRfY6r/7677494f0a74.jpg"
"Extreme Pinball","https://i.ibb.co/prx9sqsM/a38d6f43c723.jpg"
"Golden Axe The Duel","https://i.ibb.co/XfCPK6x4/a4f6f9382782.jpg"
"Extreme Go Kart Racing","https://i.ibb.co/Jj8wvBXs/c75c789c77a1.jpg"
"Evil Dead Hail To The King","https://i.ibb.co/8g2sxytx/d001b06c4767.jpg"
"Biker Mice From Mars","https://i.ibb.co/vCvnjxzJ/dfdeb1f58f73.jpg"
"Grudge Warriors","https://i.ibb.co/qFkYYRJg/42ffa768e8a1.jpg"
"Disneys Peter Pan The Legend of Never Land","https://i.ibb.co/4ZdYTb3M/5a6a3ab27686.jpg"
"Fantastic Four","https://i.ibb.co/Q3jtBPng/ddcd72589190.jpg"
"Goal Storm","https://i.ibb.co/mVqyfpwj/8a832ec5f4b4.jpg"
"Daredevil The Man Without Fear","https://i.ibb.co/sJ9r8M5L/1b5ef709df23.jpg"
"Iron Man X O Manowar In Heavy Metal","https://i.ibb.co/0VK3jBYv/cfd69bc222ea.jpg"
"Ghoul Panic","https://i.ibb.co/ZvSZN53/a5a98569dadb.jpg"
"Sphinx and The Cursed Mummy","https://i.ibb.co/Nnkm8CF5/eb6a0f73a48a.jpg"
"Formula Nippon","https://i.ibb.co/p6NM2bzF/64ec225a2a66.jpg"
"Spy Hunter Nowhere to Run","https://i.ibb.co/n4vhBJx/a343ae6e7d6d.jpg"
"Formula 1","https://i.ibb.co/DnDphLz/7a5bd76e3843.jpg"
"Juiced 2 Hot Import Nights","https://i.ibb.co/t1yhz11/cee5c33d71c0.jpg"
"Terra Cresta 3D","https://i.ibb.co/8npXyvBm/73a6e7287cc6.jpg"
"Layer Section 2","https://i.ibb.co/NdpCT3HZ/121ec1709421.jpg"
"The King of Fighters 95","https://i.ibb.co/YTLBxZbQ/29f70df3f2de.jpg"
"Crows The Battle Action for SegaSaturn","https://i.ibb.co/SwZ9zB2Q/258f153181ce.jpg"
"Arcade Gears Image Fight and XMultiply","https://i.ibb.co/fV15tV1n/6acb94ae89ea.jpg"
"Formula 1 98","https://i.ibb.co/xS35s3mk/04ca8d80cce5.jpg"
"Zathura","https://i.ibb.co/G4rnMPMW/d5c979b329d7.jpg"
"Arcade Gears Wonder 3","https://i.ibb.co/0RqYwBcn/1396dfe0f44c.jpg"
"Arcade Gears Gun Frontier","https://i.ibb.co/5hcDdSnf/12f6ac4a2fcf.jpg"
"Arcade Gears Pu Li Ru La","https://i.ibb.co/QFSQmK2m/2d2ebb63d4a2.jpg"
"Tryrush Deppy","https://i.ibb.co/YgnDksX/19d4d165887d.jpg"
"Elevator Action Returns","https://i.ibb.co/ZpScRN2S/e3834e0446ee.jpg"
"Johnny Bazookatone","https://i.ibb.co/gM1p0xw6/19f58b5c9bb5.jpg"
"DoDonPachi","https://i.ibb.co/6RgP3JxJ/6f57d787194a.jpg"
"Tenchi o Kurau 2 Sekiheki no Tatakai","https://i.ibb.co/k2Z1Wxwd/b88641ce119e.jpg"
"Sol Divide Sword of Darkness","https://i.ibb.co/N21ZRVHT/0b5fa6e542a9.jpg"
"Mickeys Wild Adventure","https://i.ibb.co/cSx4TLbg/96a07bd391a1.jpg"
"Game Tengoku The Game Paradise","https://i.ibb.co/Nd6dqtZR/360522c65558.jpg"
"Starsky and Hutch","https://i.ibb.co/DfjJPSGJ/1a908ce93951.jpg"
"Formula 1 97","https://i.ibb.co/Z60mZrVP/dd7e6b901534.jpg"
"NBA Jam","https://i.ibb.co/GZhzzr5/87791f837815.jpg"
"Dangun Feveron","https://i.ibb.co/jPF0PSGG/97c67b9cbd85.jpg"
"STALKER Legends of The Zone Trilogy","https://i.ibb.co/RGGh4r2v/1feee4a217d5.jpg"
"Monster Jam Showdown","https://i.ibb.co/0yYwQvQh/754a8a5b435a.jpg"
"LazyNES Emulator (imbNES)","https://i.ibb.co/DDnp0zJg/1e64519bd8c1.jpg"
"Starsand","https://i.ibb.co/svMpt6yN/1b889238adca.jpg"
"Super Mega Baseball 4 Ballpark Edition","https://i.ibb.co/5xJ94MwQ/08bf345a4e07.jpg"
"My Riding Stables 2 A New Adventure","https://i.ibb.co/vKTqJLd/620d689510b9.jpg"
"Atari 50 The Anniversary Celebration","https://i.ibb.co/BKr61dH5/baab55d8ea0b.jpg"
"The Karate Kid Street Rumble","https://i.ibb.co/mCt2Zqwx/882421a95ab5.jpg"
"Super Robot Taisen A Portable","https://i.ibb.co/21Y6phGr/3a60274a1e31.jpg"
"Dein erstes Pferd Die Reitschule","https://i.ibb.co/23W27TWr/aa704b67016b.jpg"
"War of The Monsters","https://i.ibb.co/ks5L9NPJ/5445d2ea0128.jpg"
"EA Sports FC 25","https://i.ibb.co/23nmb9Wt/f32011ee48c1.jpg"
"Sol Cresta","https://i.ibb.co/Jjk5JhXj/4b1cc5625c04.jpg"
"Klonoa Beach Volleball","https://i.ibb.co/PGrB9WCB/e1a76515a49b.jpg"
"Task Force Delta Afghanistan","https://i.ibb.co/Tqrnb3X4/42f06cb9451d.jpg"
"Down The Rabbit Hole","https://i.ibb.co/RTDzj3g7/793eb34d38bb.jpg"
"Bully (Canis Canem Edit)","https://i.ibb.co/ksmVrPcD/13c212912985.jpg"
"Tin Hearts","https://i.ibb.co/HLdJYPJ2/a257c41c964e.jpg"
"Star Wars Jedi Survivor","https://i.ibb.co/7t3KRspR/1602073066cd.jpg"
"Summer Games Challenge","https://i.ibb.co/r2L7wxRh/5703c0938189.jpg"
"NBA 2K25","https://i.ibb.co/bghq1TzT/a0073104b977.jpg"
"NASCAR Arcade Rush","https://i.ibb.co/mZzQ6X7/2ea4b589c5d4.jpg"
"NHL 19","https://i.ibb.co/S7Xb1YC3/01d65e43bf83.jpg"
"Pac Man Museum Plus","https://i.ibb.co/fGzGLRM2/37cb37439477.jpg"
"Madden NFL 25","https://i.ibb.co/GfL9Jg2b/0b1f44a49bac.jpg"
"World of Horror","https://i.ibb.co/4wypHGss/2004fad162b5.jpg"
"DREDGE","https://i.ibb.co/qYMKMKhF/4c7d939828f5.jpg"
"Crazy Chicken Traps and Treasure 2","https://i.ibb.co/TMFMKsxp/fddc4a33de4b.jpg"
"Warhammer Chaosbane","https://i.ibb.co/pBM4YLpM/8a3d59653f8e.jpg"
"Samurai Shodown","https://i.ibb.co/5g1kphWS/b97a000ece39.jpg"
"The Legend of Heroes Trails through Daybreak","https://i.ibb.co/r2PTq8pj/137a792c27b1.jpg"
"Super Time Force Ultra","https://i.ibb.co/kVMsbrxy/6dec94c881b8.jpg"
"SHU","https://i.ibb.co/ycg7VCDg/1ead20046c62.jpg"
"Scholars Mate","https://i.ibb.co/DfxD8nx6/3a245983d0e6.jpg"
"Resident Evil Directors Cut","https://i.ibb.co/jv21Jk9G/5e6bada1c88d.jpg"
"Pursuit Force","https://i.ibb.co/9kzRw4Mg/0719e4ed3020.jpg"
"Pursuit Force Extreme Justice","https://i.ibb.co/tpyXN1zK/d33b2c878d56.jpg"
"Phantom Breaker Omnia","https://i.ibb.co/NgNTYdLM/dd761a204e1e.jpg"
"Oddballers","https://i.ibb.co/DP1St1cd/f8405ea0b742.jpg"
"Nidhogg 2","https://i.ibb.co/zTbgvzW8/a1b526861e06.jpg"
"MX Nitro Unleashed","https://i.ibb.co/0VcB7vh5/22e447fa326c.jpg"
"Mighty Morphin Power Rangers Mega Battle","https://i.ibb.co/ymsDQqpW/e959f12ea437.jpg"
"Gary The Gull","https://i.ibb.co/VbQwpY1/d8794ea73664.jpg"
"Fox N Forests","https://i.ibb.co/9HYNdtxh/0d1b52487c7e.jpg"
"Formula Retro Racing","https://i.ibb.co/Qvm4CJSt/0049638845c2.jpg"
"Donuts N Justice","https://i.ibb.co/fWWqSYm/078540b0889a.jpg"
"Cricket 24","https://i.ibb.co/ynbYRYCM/307ba4622c2b.jpg"
"Costume Quest 2","https://i.ibb.co/CKXZRCG7/a54b828488b4.jpg"
"Angry Alligator","https://i.ibb.co/cS9K2jKJ/737d9c6ee42f.jpg"
"Jet Moto 3","https://i.ibb.co/9Hp9NxrZ/c841e2e131f5.jpg"
"Championship Motocross Featuring Ricky Carmichael","https://i.ibb.co/Cp3M4ND3/1ae567232747.jpg"
"Die Hard Trilogy 2 Viva Las Vegas","https://i.ibb.co/Cpq753dB/e43525678f64.jpg"
"Star Wars Masters of Teras Kasi","https://i.ibb.co/8nbS0vMY/e041b04e4cdb.jpg"
"Jet Moto","https://i.ibb.co/HL5sdHv8/9b277e05838c.jpg"
"Championship Manager Quiz","https://i.ibb.co/6RhBkT19/a561f99e869d.jpg"
"Nuclear Strike","https://i.ibb.co/RpkCfkCt/cdf48deea615.jpg"
"Time Commando","https://i.ibb.co/JRcYN1wp/716ccee43794.jpg"
"Soul Blade","https://i.ibb.co/Nnr26F0Q/04d8b85b8142.jpg"
"Irritating Stick","https://i.ibb.co/TB4xkt1x/e748cf10460c.jpg"
"Centipede","https://i.ibb.co/qMbJy92b/17f57874cde8.jpg"
"Hermie Hopperhead Scrap Panic","https://i.ibb.co/Q3GmxR8N/b122b0371b1d.jpg"
"Lode Runner Extra","https://i.ibb.co/C3dMC3d6/4de11e4cc495.jpg"
"Vandal Hearts The Lost Civilization","https://i.ibb.co/HLYdrQFy/c83a9c69f2e9.jpg"
"Intellivision Classic Games","https://i.ibb.co/s9VzR3Ys/3950e3d8bf2c.jpg"
"California Surfing","https://i.ibb.co/FLRdHFGb/30cf3dc9eee7.jpg"
"Tyco RC Assault With A Battery","https://i.ibb.co/gZCLWLtq/eb0c3e460523.jpg"
"Lode Runner The Legend Returns","https://i.ibb.co/bjWkF2Yt/41d36486cd45.jpg"
"Dungeon Master Nexus","https://i.ibb.co/XrKCkpVD/8f0baa10eede.jpg"
"Mike Tyson Boxing","https://i.ibb.co/Vp0NdtLq/bdcb3af57d44.jpg"
"California Watersports","https://i.ibb.co/QjPSkMT4/48d99cc97763.jpg"
"Command and Conquer Red Alert Retaliation","https://i.ibb.co/Jw14PSW5/15f47bc85b88.jpg"
"Trap Gunner Countdown to Oblivion","https://i.ibb.co/XksHDqfc/fad9ed5704b1.jpg"
"X Men The Arcade Game","https://i.ibb.co/Xxbv7LmG/30d6e75d4dbc.jpg"
"Midnight Run","https://i.ibb.co/L2Qp0w3/64e2d7299bfa.jpg"
"Card Games","https://i.ibb.co/Z6z583Tq/8d116573e332.jpg"
"Command and Conquer Red Alert","https://i.ibb.co/p6RfzVJx/8ccde8ec931f.jpg"
"Germs Nerawareta Machi","https://i.ibb.co/chgwkcyY/fbc2dcea716e.jpg"
"Machine Head","https://i.ibb.co/zHfMT5V2/3cb7ce38cf3f.jpg"
"Mega Man Legends 2","https://i.ibb.co/rLHTJzK/de8fe266ca46.jpg"
"Broken Helix","https://i.ibb.co/VYP99ph6/97302e54c17a.jpg"
"Command and Conquer","https://i.ibb.co/XZXFMWhS/bae09c090f13.jpg"
"Spider The Video Game","https://i.ibb.co/Q72Yzjwf/08709b48f63a.jpg"
"Super Mario Kart Horizons","https://i.ibb.co/rKFS8dQR/27f0dfb7323b.jpg"
"Criticom Critical Combat","https://i.ibb.co/BHkhGQ4D/f682f3e4f520.jpg"
"Pax Corpus","https://i.ibb.co/JWS2pknC/f37898d9c439.jpg"
"Clock Tower Deluxe Hack Collection","https://i.ibb.co/5X0LrGF2/e2075256e2ed.jpg"
"Marvel Super Heroes vs Street Fighter","https://i.ibb.co/V05FqKCT/ace42dd8fd4d.jpg"
"Critical Depth","https://i.ibb.co/pvycddSc/c8cf22ffc257.jpg"
"Wipeout 2097","https://i.ibb.co/gZf1d1QT/c4138ef899d5.jpg"
"Linda Cube Again","https://i.ibb.co/B5kYpwyg/b934a6c7c2cd.jpg"
"Policenauts","https://i.ibb.co/35mDcfj5/cc3c65cf8db5.jpg"
"Martian Gothic Unification","https://i.ibb.co/TxX4PSVM/16558c642ee9.jpg"
"Creatures","https://i.ibb.co/qFxbsjbj/76345be24601.jpg"
"In Cold Blood","https://i.ibb.co/DHSYPDky/533d15f3df3e.jpg"
"Class of Heroes 2","https://i.ibb.co/23ZQkK4y/5c7aa6002889.jpg"
"Brian Lara Cricket","https://i.ibb.co/5Wc9R562/c8e5ad0c457c.jpg"
"Crash Bandicoot 3 Warped","https://i.ibb.co/jkGndcLC/80e176c61543.jpg"
"Zero Divide 2 The Secret Wish","https://i.ibb.co/9Lt7nGk/9dcae0319740.jpg"
"Mizubaku Daibouken (Liquid Kids)","https://i.ibb.co/QFvZHmwS/45c38d9c326c.jpg"
"Lucky Luke","https://i.ibb.co/7tgv0WzT/5c5cb65934c7.jpg"
"Chrono Cross","https://i.ibb.co/PzffPnDs/f659f8877691.jpg"
"Black Dawn","https://i.ibb.co/PZ4CQHN9/81d52ac3ec9b.jpg"
"Super Tempo","https://i.ibb.co/5xtdz156/f3676975be60.jpg"
"LEGO Racers","https://i.ibb.co/rKp9f15n/823c62185a4c.jpg"
"Chris Kamaras Street Soccer","https://i.ibb.co/jZGzdQV4/7ca72e84cc63.jpg"
"Worms","https://i.ibb.co/1J7f9cnb/84ac2f20ad50.jpg"
"Mega Man 8 Anniversary Collectors Edition","https://i.ibb.co/Tnj8Tq4/a7b83377a4e6.jpg"
"No Fear Downhill Mountain Biking","https://i.ibb.co/TDzDHK2g/d99ff1e5320e.jpg"
"Chocobos Dungeon 2","https://i.ibb.co/3msT0JF9/30f17b33d6c5.jpg"
"The King of Fighters 97","https://i.ibb.co/Z66jVgMH/ab4f00a40424.jpg"
"TwinBee Taisen Puzzle Dama","https://i.ibb.co/C5MXWChH/08df5496b1e8.jpg"
"Nekketsu Oyako","https://i.ibb.co/nS4KjW3/f4692c3692dd.jpg"
"NBA Jam Extreme","https://i.ibb.co/zhJ8yRt3/98264a557af2.jpg"
"Chocobo Racing","https://i.ibb.co/m5SwcjRL/734ebfd1f596.jpg"
"NASCAR Thunder 2004","https://i.ibb.co/Y4q1Pwm0/cf18673641d1.jpg"
"TwinBee RPG","https://i.ibb.co/7N4ksztz/0cd5b515d844.jpg"
"Metal Slug Super Vehicle 001","https://i.ibb.co/F4YV6xq4/cd74cf6e0d2b.jpg"
"NASCAR Rumble","https://i.ibb.co/rRN8BCCq/e17e3c9f8a60.jpg"
"Championship Surfer","https://i.ibb.co/BVRLbFkn/6f313a601137.jpg"
"NASCAR Thunder 2003","https://i.ibb.co/99jtPQvx/38bbde9290e0.jpg"
"Batsugun","https://i.ibb.co/3YdL9P9d/c19a2b9df792.jpg"
"NASCAR 98","https://i.ibb.co/3ymrHLD3/f086bfe219bd.jpg"
"Dave Mirra Freestyle BMX Maximum Remix","https://i.ibb.co/xRBPvnF/afe6040cedde.jpg"
"NASCAR Thunder 2002","https://i.ibb.co/GQmsTk2X/2732db8764bb.jpg"
"Patapon 3","https://i.ibb.co/4wmZFcQs/a9a4ef99f718.jpg"
"Namco Tennis Smash Court","https://i.ibb.co/dsygLn7d/96c7f5e79715.jpg"
"Le Mans 24 Hours","https://i.ibb.co/ZpV9S9tp/4adb283d4ca8.jpg"
"Casper Friends Around The World","https://i.ibb.co/twgB3f3q/8773a231905c.jpg"
"The 3rd Birthday","https://i.ibb.co/sp3nRJPj/0add79b1d697.jpg"
"Mortal Kombat Special Forces","https://i.ibb.co/3mGr0smd/931ad06db44d.jpg"
"NFL Xtreme 2","https://i.ibb.co/7trVZ0VN/6a267eba3c51.jpg"
"N Gen Racing","https://i.ibb.co/TBj1T8ck/61343e5d2b6f.jpg"
"Resident Evil Directors Cut MEGA Collection","https://i.ibb.co/XrYf9yKY/f8008695cf0a.jpg"
"Mort The Chicken","https://i.ibb.co/d0w4H6Gv/1a08025f8b45.jpg"
"NFL Blitz 2001","https://i.ibb.co/gLz59r1q/8d0d8212b218.jpg"
"RC Revenge","https://i.ibb.co/gbJKPR3K/5705484a4e6f.jpg"
"Digimon World 2","https://i.ibb.co/fVLbC2X7/cb21dd407c5b.jpg"
"Assault Rigs","https://i.ibb.co/VW7cB1LK/92f7e44a3a79.jpg"
"Monster Bass","https://i.ibb.co/nN6dByN7/0d2c6896053b.jpg"
"Cybertiger","https://i.ibb.co/k2PnQTwP/7ac610278602.jpg"
"RC de Go","https://i.ibb.co/GQB96jjZ/14577bb931d8.jpg"
"LEGO Indiana Jones The Original Adventures","https://i.ibb.co/twL1tt7w/ab7c15473c03.jpg"
"Breakout","https://i.ibb.co/whLN2Vnj/096573d56495.jpg"
"X Men Children of The Atom","https://i.ibb.co/twzVYHf4/603a37e0431b.jpg"
"Z","https://i.ibb.co/v6XB6QQN/1efe1468d938.jpg"
"Rogue Ops","https://i.ibb.co/d4XQKxgH/7fadbfd0447e.jpg"
"Aqua GT","https://i.ibb.co/Fbvp7Kkh/cbf50709efc5.jpg"
"Cyberia","https://i.ibb.co/1fM7gcnQ/464dd75e8da0.jpg"
"Virus It is Aware","https://i.ibb.co/fdQ3bdHz/130975c53674.jpg"
"Contra Memory Collection","https://i.ibb.co/DP468V2f/c031124ec5c7.jpg"
"Superbike 2000","https://i.ibb.co/DD6YC5Bd/af7c82ef289a.jpg"
"Cyber Sled","https://i.ibb.co/Cs2w60s4/d02fbd82ac2c.jpg"
"Crime Killer","https://i.ibb.co/6R3qf7Dx/a576ed9c7335.jpg"
"Platypus","https://i.ibb.co/7tcMSTCk/d42eeffc01fc.jpg"
"Street Fighter The Movie","https://i.ibb.co/3KRRsqw/304c5fc03d09.jpg"
"Cubix Robots for Everyone Race N Robots","https://i.ibb.co/Y4Shgbf3/50cf5553b494.jpg"
"WarGames Defcon 1","https://i.ibb.co/3y63svGM/543365c14e01.jpg"
"The Amazing Virtual Sea Monkeys","https://i.ibb.co/6c44HPYz/d6ea08f52c51.jpg"
"Spyro 2 Gateway To Glimmer","https://i.ibb.co/fVpm8ZNw/699bedd9db04.jpg"
"Sonic Rivals","https://i.ibb.co/WNW1vWN3/22fd7e3ba8d9.jpg"
"CT Special Forces 3 Bioterror","https://i.ibb.co/7xgsXJ9h/09dbcfbc4831.jpg"
"Maximum Force","https://i.ibb.co/KpS057PY/8f86d8fd36ea.jpg"
"ATV Quad Power Racing","https://i.ibb.co/5WrwNKvW/1f89bb9bc3d0.jpg"
"Sonic Rivals 2","https://i.ibb.co/6Sc0Fr5/298558acee73.jpg"
"Ridge Racer Revolution","https://i.ibb.co/RGXt3k9s/ed6fc0694dbb.jpg"
"Disney Pixar Toy Story 2 Buzz Lightyear To The Rescue","https://i.ibb.co/m5YrJrmL/2dde314bdefb.jpg"
"Simple 1500 Series Vol 78 The Zeroyon","https://i.ibb.co/YFjjBrTL/826ee5dfd30b.jpg"
"ATV Mania","https://i.ibb.co/Dg48V45z/ef9027cd7771.jpg"
"Mortal Kombat Unchained","https://i.ibb.co/21GfDs5p/2b8d3f33885e.jpg"
"Overblood 2","https://i.ibb.co/JFxJbyCW/5cc489554877.jpg"
"Dirt Jockey Heavy Equipment Operator","https://i.ibb.co/5Wmcnjbs/8d8f1893f913.jpg"
"Need for Speed V Rally","https://i.ibb.co/0p3KZJqh/4273cbb2767b.jpg"
"The Flying Hamster","https://i.ibb.co/j1mgzgG/d7d2995e1e6b.jpg"
"Overblood A 3D Sci Fi Adventure","https://i.ibb.co/Rp72Rgjx/e14f4f10ed26.jpg"
"Dinosaurs","https://i.ibb.co/rKPCvccX/a4b14f6fa2d1.jpg"
"Need for Speed Carbon Own The City","https://i.ibb.co/nNDQzFtG/0e7ddd2db3a4.jpg"
"Omega Boost","https://i.ibb.co/TB8wpg5G/af2069b85c2c.jpg"
"Digimon World 3","https://i.ibb.co/xtmVfzXm/f40f4289298f.jpg"
"Rush Hour","https://i.ibb.co/XkdQKd2R/6b1f0bd97d26.jpg"
"Tales of Eternia","https://i.ibb.co/RkBQgfQs/7e333ac646da.jpg"
"Ultimate Fighting Championship","https://i.ibb.co/KpFbfBR8/1a1b35c71825.jpg"
"Digimon Digital Card Battle","https://i.ibb.co/Fk10b8hH/cdf1353efdeb.jpg"
"Need for Speed V Rally 2","https://i.ibb.co/6R9hDLDY/00c6319ec2f6.jpg"
"Virtua Tennis 3","https://i.ibb.co/rKZ0w8Bc/8ef00da68f90.jpg"
"Tomb Raider The Last Revelation","https://i.ibb.co/0VjHHG2g/b78562811b84.jpg"
"Devil Dice","https://i.ibb.co/4ngmNCTd/d707f635bf2b.jpg"
"LEGO Island 2 The Bricksters Revenge","https://i.ibb.co/CGbx5x8/cd4475f4fb86.jpg"
"Thousand Arms","https://i.ibb.co/1fkTz6DF/d6d41df56d6d.jpg"
"Klonoa Door to Phantomile","https://i.ibb.co/V0FmBMDS/69f774103c72.jpg"
"Bogey Dead 6","https://i.ibb.co/C5S0D4Bf/8d0a43532ddf.jpg"
"Tales of Destiny","https://i.ibb.co/99jfXB0v/b959e6cbec42.jpg"
"X Com Terror From The Deep","https://i.ibb.co/XfdnzHsn/6fc901bb91a4.jpg"
"STOLEN","https://i.ibb.co/xSyFGjfB/d7850cb0fddb.jpg"
"VT Tennis","https://i.ibb.co/1fzQsRtC/920cbf12108f.jpg"
"TOCA Championship Racing","https://i.ibb.co/XZc6Q039/9044c1a4dfad.jpg"
"Detective Mouse","https://i.ibb.co/hJn6N5XP/258d39b9e7e9.jpg"
"Running High","https://i.ibb.co/YFMTG1zS/eb64608f2d3b.jpg"
"Aztec The Curse in The Heart of The City of Gold","https://i.ibb.co/5hhFRFsw/e230909b1f48.jpg"
"Exit 2","https://i.ibb.co/fLYzcMc/1a80f12ccd5e.jpg"
"Exit","https://i.ibb.co/3Yy9zd8G/79c567a483d7.jpg"
"Ayrton Senna Kart Duel","https://i.ibb.co/xKwdvSVF/7e8ffa990279.jpg"
"Tiny Toon Adventures Toonenstein Dare to Scare","https://i.ibb.co/9kkQnsFY/1902a2208f8b.jpg"
"Detective Barbie The Mystery Cruise","https://i.ibb.co/hxvRddp0/36a363e21dd1.jpg"
"The Next Tetris","https://i.ibb.co/jZ33bQJ2/11c716deffdd.jpg"
"Sailor Moon Master of Arena","https://i.ibb.co/9mYmzJrm/5a5a635db89b.jpg"
"The Raiden Project","https://i.ibb.co/V01k2brq/29e2ad4eda8f.jpg"
"Demolition Racer","https://i.ibb.co/8D9YQt3S/97a252dd66aa.jpg"
"Need for Speed Porsche 2000","https://i.ibb.co/67n8872j/79e2e4c07adc.jpg"
"Ayrton Senna Kart Duel 2","https://i.ibb.co/prnXbmFs/daa2c11338db.jpg"
"Roll Away","https://i.ibb.co/xKDr101b/b3107bf611fa.jpg"
"The Powerpuff Girls Chemical X Traction","https://i.ibb.co/BVRvhgGz/418f62907a54.jpg"
"Dracula The Last Sanctuary","https://i.ibb.co/G4XhmDzv/b8f74066d89c.jpg"
"Puchi Carat","https://i.ibb.co/99J2pkgw/a772a3ce8243.jpg"
"Auto Destruct","https://i.ibb.co/WvybNxXM/6fc6b7ae29cb.jpg"
"Kingsleys Adventure","https://i.ibb.co/xWcxD6j/87ebd10d785b.jpg"
"The King of Fighters 99","https://i.ibb.co/wF8mG4Z9/cfb34579d45d.jpg"
"Dracula The Resurrection","https://i.ibb.co/JW0zHwtd/65e45670b849.jpg"
"Firebugs","https://i.ibb.co/CpNFsG6C/bd2f5717df87.jpg"
"Austin Powers Pinball","https://i.ibb.co/mrtD0gsL/79cff2ba656e.jpg"
"Shadow Madness","https://i.ibb.co/SwV2Tcdn/a7ae9423f6fe.jpg"
"Street Fighter Alpha 2","https://i.ibb.co/4w8J0Sp9/643bd0a68cf1.jpg"
"Dora The Explorer Barnyard Buddies","https://i.ibb.co/V0gvQgY6/84422c240212.jpg"
"Radikal Bikers","https://i.ibb.co/7d65nPkH/942b0b29c06b.jpg"
"Atlantis The Lost Tales","https://i.ibb.co/207dKZ78/22de09edbf75.jpg"
"LEGO Pirates of The Caribbean The Video Game","https://i.ibb.co/8DqGy1GP/6b1a98a25d87.jpg"
"G Darius","https://i.ibb.co/JRWxYPm5/0c7fccf607a4.jpg"
"Disney Presents Tiggers Honey Hunt","https://i.ibb.co/kgM5DpVR/9df3c43acc83.jpg"
"Monster Rancher Battle Card Episode 2","https://i.ibb.co/fK4CLh5/1cc2f6e1f5a5.jpg"
"Asteroids","https://i.ibb.co/nNdPXtQQ/a2d31d0ded2b.jpg"
"Gladiator Begins","https://i.ibb.co/7NNW82cd/d73af609c496.jpg"
"X Men Mutant Academy","https://i.ibb.co/BKcPxRGR/08961c53f7c9.jpg"
"Peter Pan in Disneys Return to Never Land","https://i.ibb.co/gZtnDHZk/fcbf54cdcb8b.jpg"
"The Divide Enemies Within","https://i.ibb.co/BHHtvQTv/0ba4e9741b54.jpg"
"Strikers 1945","https://i.ibb.co/hRj88MTM/ac4b6de8c3a0.jpg"
"Assassins Creed Bloodlines","https://i.ibb.co/GQG2KRk1/3abd57051139.jpg"
"Walt Disney World Quest Magical Racing Tour","https://i.ibb.co/yFXtdMc4/875c84b1cd95.jpg"
"Disneys Goofys Fun House","https://i.ibb.co/x8tqjwsQ/f4544a7c7287.jpg"
"The City of Lost Children","https://i.ibb.co/chkf7Z2k/96b662183a67.jpg"
"Tactics Ogre Let Us Cling Together","https://i.ibb.co/ZpBcxwKH/f8ee9c9d9ba3.jpg"
"Capcom Vs SNK Pro","https://i.ibb.co/3Yzr0TpG/6494215cd0bc.jpg"
"Capcom Vs SNK Millennium Fight 2000 Pro","https://i.ibb.co/rGf8Wc9H/37da1142fd80.jpg"
"Sanvein","https://i.ibb.co/KpZpbd9g/68dec3d3c092.jpg"
"Wacky Races","https://i.ibb.co/Df57Pkcp/596a13b7a644.jpg"
"Disneys Dinosaur","https://i.ibb.co/Z1dRNbqX/bfb5521f4fb5.jpg"
"Super Mario Summer Heat Collection 2024","https://i.ibb.co/dv68hvp/03fc8f2116ae.jpg"
"Blues Clues Blues Big Musical","https://i.ibb.co/GfDdc6bC/967b2c8de96e.jpg"
"Cool Boarders 2","https://i.ibb.co/Z1g2svJ4/6407333e4222.jpg"
"V2000","https://i.ibb.co/PsBkyZ0k/229b8811b8aa.jpg"
"Motorsiege Warriors of Primetime","https://i.ibb.co/nN8rKrd9/538f333443dd.jpg"
"Demon Chaos","https://i.ibb.co/9CfRdC3/f9065f1d26eb.jpg"
"V Rally 97 Championship Edition","https://i.ibb.co/1fmDVdsy/a2f6eedcbb6c.jpg"
"Disneys 101 Dalmatians 2 Patchs London Adventure","https://i.ibb.co/svDRLt2x/632f24d76f65.jpg"
"CT Special Forces","https://i.ibb.co/HpXD91T6/ddfc438854e4.jpg"
"Nectaris Military Madness","https://i.ibb.co/1JJbFfjj/5605d48e48e7.jpg"
"Wizardry Tale of The Forsaken Land","https://i.ibb.co/s9mSPmX8/1f9c5bf64ddc.jpg"
"Vampire Hunter D","https://i.ibb.co/9H6qBFN8/2666dbb340b9.jpg"
"Disney Pixar Buzz Lightyear of Star Command","https://i.ibb.co/xS2B2Yw4/4cc7aec21b33.jpg"
"CT Special Forces Back to Hell","https://i.ibb.co/d4YS7xmF/477ac75727f6.jpg"
"Evil Zone","https://i.ibb.co/5h6s54zV/c272bedad811.jpg"
"Juiced","https://i.ibb.co/KjsJP16r/86866239df85.jpg"
"Cyberbots Full Metal Madness","https://i.ibb.co/20hLc28H/4739e83bbe66.jpg"
"NBA Live 99","https://i.ibb.co/bjh5kNMh/f689cd00176f.jpg"
"Cardinal Syn","https://i.ibb.co/dsz4qjmD/335ccd518b8d.jpg"
"Magic Knight Rayearth","https://i.ibb.co/xtpbfMYR/61558e42f5e0.jpg"
"The King of Fighters 96","https://i.ibb.co/cXh9371f/9adf1224d534.jpg"
"NBA Live 98","https://i.ibb.co/BH2S292X/81fbc830a9ce.jpg"
"Star Wars Dark Forces","https://i.ibb.co/VY2ggMJy/6bedf58ed087.jpg"
"Fighters Impact","https://i.ibb.co/0pG3LwzL/ef2c08c45c79.jpg"
"NBA in The Zone 2","https://i.ibb.co/bgm46bcd/5811de568494.jpg"
"Shizuku","https://i.ibb.co/nsNzHhpV/c5cdd914cebd.jpg"
"World Soccer Winning Eleven 2002","https://i.ibb.co/7FXDLn4/39ad10df2886.jpg"
"Jung Rhythm","https://i.ibb.co/8DYdV7fT/e33b60424f9f.jpg"
"Biohazard Gun Survivor","https://i.ibb.co/TB1nt5Yq/0976f7826cee.jpg"
"NBA Hoopz","https://i.ibb.co/7d74F2kc/5aa2fb8b8bf3.jpg"
"Star Wars Episode I Jedi Power Battles","https://i.ibb.co/4Z6R9mWt/837e8b0bf460.jpg"
"Star Wars Episode I Jedi Power Battles","https://i.ibb.co/4Z6R9mWt/837e8b0bf460.jpg"
"Shining The Holy Ark","https://i.ibb.co/cWMw73C/2b3f95d0344a.jpg"
"Baroque","https://i.ibb.co/6KKc483/1e16ea655964.jpg"
"NBA Fastbreak 98","https://i.ibb.co/WCkm24N/2346cfef9226.jpg"
"Space Invaders","https://i.ibb.co/PsghQrNh/1ca631b3be90.jpg"
"ISS Pro Evolution 2","https://i.ibb.co/Z6TKxMFk/cfa48535983b.jpg"
"Bionicle","https://i.ibb.co/xQx34Pm/fed0da58d718.jpg"
"X Men vs Street Fighter EX Edition","https://i.ibb.co/4wtk8DKx/d5abc79bb883.jpg"
"Muppet Racemania","https://i.ibb.co/jmS0p5K/aba508875fa1.jpg"
"Skydiving Extreme","https://i.ibb.co/hRpymymp/85d753a15526.jpg"
"Super Shot Soccer","https://i.ibb.co/ycnDWT2S/2427843283bb.jpg"
"Ar Tonelico Melody of Elemia","https://i.ibb.co/1GzLqpYj/13d32e858241.jpg"
"Shin Megami Tensei If…","https://i.ibb.co/GvNDW3FJ/bbabbd236834.jpg"
"Muppet Monster Adventure","https://i.ibb.co/zWCfNqd8/fcf4c2e8e8ee.jpg"
"Shadow Master","https://i.ibb.co/vvsMr6T2/835d677bbf9b.jpg"
"Grand Theft Auto Chinatown Wars","https://i.ibb.co/5WsZ048X/ce63f8bb8b55.jpg"
"Kamen Rider V3","https://i.ibb.co/rRnxG1Ft/95c9a8eb1444.jpg"
"Hydro Thunder","https://i.ibb.co/5grzHh8Y/749d8cfa0977.jpg"
"Robin Hood The Siege","https://i.ibb.co/G41Db7wc/a677309725c2.jpg"
"The Sims 2 Castaway","https://i.ibb.co/GfcnyHRY/5c57fd8b0f17.jpg"
"Bomberman Jetters Densetsu no Bomberman","https://i.ibb.co/bgtKDDPB/8c0f427116e6.jpg"
"Blast Radius","https://i.ibb.co/XxF00Gmn/b1419b35a462.jpg"
"Spyro 3.5 Return to The Forgotten Realms","https://i.ibb.co/8nNbyznT/3e7d33f260b9.jpg"
"Mortal Kombat 4","https://i.ibb.co/7DPzjFp/f94df680d1ab.jpg"
"Noddy and The Magic Book","https://i.ibb.co/0jRDGZf3/734b3095148d.jpg"
"Kamen Rider Agito","https://i.ibb.co/1GNsPQZw/f741db0ca0f6.jpg"
"Midway Presents Arcades Greatest Hits The Atari Collection 1","https://i.ibb.co/PsL6vkX9/5190041ab3d3.jpg"
"Power Rangers Time Force","https://i.ibb.co/Cs2BCmdq/be659015ae0b.jpg"
"Street Fighter Alpha 3 MAX","https://i.ibb.co/BHnyQwsG/f984fbd083c7.jpg"
"Sonic Mega Collection Plus","https://i.ibb.co/xSrCn6V7/48b6f9adfe07.jpg"
"Dokapon Ikari No Tetsuken","https://i.ibb.co/zhtD60Qh/004bfc9e75c5.jpg"
"Dune 2000","https://i.ibb.co/KxGySn4m/e873850a0bec.jpg"
"Power Rangers Lightspeed Rescue","https://i.ibb.co/xKMdHByh/0a5464db7c07.jpg"
"Kao Challengers","https://i.ibb.co/VYsnkPBW/1c659068af67.jpg"
"Ancient Roman Power of Dark Side","https://i.ibb.co/qY0FRY2f/b2e6c882ff3c.jpg"
"Darkseed 2","https://i.ibb.co/TnMptzz/667e2970737d.jpg"
"Williams Arcades Greatest Hits","https://i.ibb.co/ycxpQDFQ/5ef600295c46.jpg"
"Monster Rancher","https://i.ibb.co/0pcGqQm6/5fe3fde7290a.jpg"
"Avatar The Last Airbender","https://i.ibb.co/DfNkXkrV/8e026e02859e.jpg"
"Deception 3 Dark Delusion","https://i.ibb.co/Y4xyRb1G/9c7bddf84596.jpg"
"Thunder Truck Rally","https://i.ibb.co/DHr0dmLK/51e35a4d46a5.jpg"
"War Gods","https://i.ibb.co/JWRs3HXM/d8f3ec860fdc.jpg"
"Monster Rancher 2","https://i.ibb.co/d4VgkdSY/c98040cdb457.jpg"
"OneChanbara Special","https://i.ibb.co/VpByJgCG/f0d084245ee3.jpg"
"Linkle Liver Story","https://i.ibb.co/nN3cs0cp/c53b4b4f2a30.jpg"
"Three Lions The Official England Team Game","https://i.ibb.co/4RPTmVQY/b1fc936fc1aa.jpg"
"NHL Rock The Rink","https://i.ibb.co/nsv7n44Q/0991a00ef776.jpg"
"Tekken 2","https://i.ibb.co/f7GNf11/10d4ef2dd7f8.jpg"
"Cloudy With A Chance of Meatballs","https://i.ibb.co/KzsmNwXB/5925ab4e0d8c.jpg"
"Dragon Force 2","https://i.ibb.co/Fkt6Bccc/1892dd9532f9.jpg"
"The Last Report","https://i.ibb.co/KjTVMym3/e76afdbf8f9d.jpg"
"NHL Open Ice 2 on 2 Challenge","https://i.ibb.co/hxjSfWGz/243b581d9fea.jpg"
"Wild 9","https://i.ibb.co/0VQ6HFs4/1a076c49d24a.jpg"
"Dragon Force","https://i.ibb.co/tM6mrnGn/67db4c149025.jpg"
"Surf Riders","https://i.ibb.co/0pkShHBZ/9e103ccc77b3.jpg"
"NBA Showtime NBA on NBC","https://i.ibb.co/q3zDjjkk/e77e17e02c8a.jpg"
"Warriors of Might and Magic","https://i.ibb.co/Dg1z3Vsd/984544244b73.jpg"
"Parodius Portable","https://i.ibb.co/bjCNXdwK/8e81c1644c40.jpg"
"Radiant Silvergun EXTRA","https://i.ibb.co/pvB7SmNr/93fe38a249cb.jpg"
"Super Dropzone Intergalactic Rescue Mission","https://i.ibb.co/Mkdbg7qk/91d19b8680ad.jpg"
"NBA Shootout 2004","https://i.ibb.co/rKTxT5Ng/9a88dec1ac17.jpg"
"Torneko The Last Hope World of Dragon Warrior","https://i.ibb.co/Hfr1HN3h/78ae8d2e638b.jpg"
"Tokobot","https://i.ibb.co/TBdK1HYF/f43e96acfaa3.jpg"
"Sega Ages OutRun","https://i.ibb.co/zh88ZFJ3/7044e84ee738.jpg"
"Sentient","https://i.ibb.co/4wKWMmC7/b5d2a14f7960.jpg"
"NBA Live 2003","https://i.ibb.co/wN6J75G5/aa11c3ce2caf.jpg"
"The Granstream Saga","https://i.ibb.co/vvxYVJzz/253bb711deee.jpg"
"Bleach Heat The Soul 7","https://i.ibb.co/0pLSSBZ0/b2e83aa1545a.jpg"
"Thunder Force Gold Pack 2","https://i.ibb.co/7x0zqSZQ/dfc2d9dbc003.jpg"
"Thunder Force Gold Pack 1","https://i.ibb.co/rGR9FdHy/93b574662531.jpg"
"Thunder Force V","https://i.ibb.co/kgp7kvFP/c7cd03e4e628.jpg"
"CID The Dummy","https://i.ibb.co/0TTFBHJ/b91649812670.jpg"
"NBA Live 2002","https://i.ibb.co/nXw4bJM/8ea875ad0294.jpg"
"The Final Round","https://i.ibb.co/F4xZSrYY/abf15e9aec34.jpg"
"Blast Lacrosse","https://i.ibb.co/5WSrfXbt/e2fece74a06b.jpg"
"Sky Odyssey","https://i.ibb.co/p6YXJL10/fd8c24f381c4.jpg"
"Norse by Norsewest The Return of The Lost Vikings","https://i.ibb.co/TDzmKbPw/3fa28056a450.jpg"
"Dare Devil Derby 3D","https://i.ibb.co/gMrRNbhT/b4025144274a.jpg"
"NBA Live 2001","https://i.ibb.co/TxmZYZFC/d1ed1a3a5457.jpg"
"Disruptor","https://i.ibb.co/DPLJdG0z/536cca8ab922.jpg"
"Sega Ages Space Harrier","https://i.ibb.co/pjC3v0N6/b87f55c62a5f.jpg"
"Buster Bros Collection","https://i.ibb.co/1fnnhfGk/0e6ca30b0c30.jpg"
"NBA Live 2000","https://i.ibb.co/FkZTdpZB/d3858f398d82.jpg"
"Disneys The Lion King Simbas Mighty Adventure","https://i.ibb.co/VfB97Bj/8283e23eb1f8.jpg"
"Ys Seven","https://i.ibb.co/LBS44fn/dc4d240353f3.jpg"
"Bulk Slash","https://i.ibb.co/7dv1zr7Y/019e4f3559b1.jpg"
"Castlevania Chronicles","https://i.ibb.co/232VfVN4/c6358f91d68b.jpg"
"Darkstalkers The Night Warriors","https://i.ibb.co/CpqjDdPx/3bbdd7c30cdb.jpg"
"Final Fantasy III 3D Remake","https://i.ibb.co/5XPkqrJf/36cf04f7e6bd.jpg"
"Mega Man Maverick Hunter X","https://i.ibb.co/TCcM9Hq/768e676e0fe4.jpg"
"Legacy of Kain Soul Reaver 2","https://i.ibb.co/MDbnfbqp/46f5b4c91a01.jpg"
"Monster Hunter Freedom","https://i.ibb.co/VYsZtG5r/1ff376773ed4.jpg"
"Capcom Generations","https://i.ibb.co/vCw7K7hS/38a44793ae35.jpg"
"China The Forbidden City","https://i.ibb.co/GvZmzZ2W/62bd5e890aee.jpg"
"Monster Hunter Freedom 2","https://i.ibb.co/27tWc115/5a47080e05fc.jpg"
"Carnage Heart","https://i.ibb.co/v61MM7h5/b4f419203085.jpg"
"Zombie Hunters 2","https://i.ibb.co/5XzGzJLy/628efa7d4738.jpg"
"Monster Hunter Freedom Unite","https://i.ibb.co/hJ5bN9D1/d3e16aec6f43.jpg"
"Robocod James Pond 2","https://i.ibb.co/hRFFXdTJ/e522238e9309.jpg"
"Toshinden 4","https://i.ibb.co/h1gWvSdQ/d918017c51d2.jpg"
"Evil Twin Cypriens Chronicles","https://i.ibb.co/hxQMxJ8Q/24853e6365e6.jpg"
"Scarface Money Power Respect","https://i.ibb.co/84L0KRmQ/9baa25d0b347.jpg"
"Ready 2 Rumble Boxing","https://i.ibb.co/dS2Y031/c556bec98c74.jpg"
"Sentinel Returns","https://i.ibb.co/N6MFPHYV/bc7ce0011363.jpg"
"Oretachi Game Center Zoku Contra","https://i.ibb.co/XZPkbTpL/8eeeac0fcc86.jpg"
"Unbound Saga","https://i.ibb.co/B2TPNZNn/9b0d7e60a7ca.jpg"
"MTV Sports TJ Lavins Ultimate BMX","https://i.ibb.co/hF5vHKSv/e6fd794627b2.jpg"
"Risk","https://i.ibb.co/HfJ0K5v1/45074713352e.jpg"
"Fallout Brotherhood of Steel","https://i.ibb.co/yFFTvLf8/b721e0f82923.jpg"
"The Legend of Heroes A Tear of Vermillion","https://i.ibb.co/3mpmYq95/2f12a222b9b1.jpg"
"MTV Sports Skateboarding featuring Andy Macdonald","https://i.ibb.co/KxzSD7Hx/19f3f8f77fa3.jpg"
"Champions Return To Arms","https://i.ibb.co/p6MsFMXL/b2ceda420337.jpg"
"Xenon Valkyrie Plus","https://i.ibb.co/RGsKZmYJ/b1faa312ca0c.jpg"
"Billiards","https://i.ibb.co/WW7Kwzqx/f6cc3ea49b79.jpg"
"The X Files","https://i.ibb.co/84cGCXNh/be0dbdd2a02b.jpg"
"DOOM Master Edition","https://i.ibb.co/hxF0tjqJ/935b1b44b164.jpg"
"James Camerons Dark Angel","https://i.ibb.co/mF9ZZnXc/0a3933d66cbc.jpg"
"Pac Man World 2","https://i.ibb.co/gZbyWHTC/c14f9ba3009d.jpg"
"Esper","https://i.ibb.co/DHSt1NM3/dfafd75feb39.jpg"
"The Legend of Heroes Trails in The Sky","https://i.ibb.co/KcJRKYvc/da765eb44ea2.jpg"
"South Park","https://i.ibb.co/TMq32Cr9/e8d22598b20e.jpg"
"Soul of The Samurai","https://i.ibb.co/SwZcZ8vx/fb798cfef0c3.jpg"
"OutRun 2 SP Special Tours","https://i.ibb.co/Tx7BvjPG/e62ee0d1bec4.jpg"
"The Legend of Heroes 3 Song of The Ocean","https://i.ibb.co/7JxMzzMb/1180acb24fa0.jpg"
"Vegas Games 2000","https://i.ibb.co/6c8JQrwn/74754694b2f9.jpg"
"Mortal Kombat Mythologies Sub Zero","https://i.ibb.co/cK1ZZNrX/6ce48cbf663f.jpg"
"Rapid Racer","https://i.ibb.co/nqb6FLsn/ad60beb67e83.jpg"
"Radiata Stories","https://i.ibb.co/r2cDmPm2/369452c0c16c.jpg"
"The Italian Job (2002)","https://i.ibb.co/MyhXGVR0/0d03986dcfe5.jpg"
"The Legend of Heroes 2 Prophecy of The Moonlight Witch","https://i.ibb.co/3yrQM3bv/784fd15fa083.jpg"
"Army Men Sarges Heroes 2","https://i.ibb.co/j9Sq0HG3/c667611c2203.jpg"
"Kiss Pinball","https://i.ibb.co/TBF9pXvx/5fc473d7f0ed.jpg"
"Poy Poy","https://i.ibb.co/NghVWWKc/c0b7e2c5ad48.jpg"
"The Italian Job (2003)","https://i.ibb.co/FLGGSfj2/44c5bec16305.jpg"
"Phineas and Ferb Across the 2nd Dimension","https://i.ibb.co/4wVpwgjW/f6993103e003.jpg"
"Area 51 (1996)","https://i.ibb.co/Gv82bDMQ/c23b548a5dcf.jpg"
"G Police","https://i.ibb.co/7x2fznBd/3c456c95c13f.jpg"
"Poy Poy 2","https://i.ibb.co/RGtD8tfs/6fb7bcc74853.jpg"
"Terminator 3 Rise of The Machines","https://i.ibb.co/QvhFp4N9/14f24deda1b8.jpg"
"Archer MaCleans 3D Pool","https://i.ibb.co/qY4RCM2D/33a9b73ddfe4.jpg"
"Largo Winch Commando Sar","https://i.ibb.co/WWqBDv7G/6c89553f4478.jpg"
"Hybrid","https://i.ibb.co/1GrxJD2c/f753c82b0877.jpg"
"Garfield 2","https://i.ibb.co/4gYLXxZJ/1aa92b0e94c9.jpg"
"Crimson Gem Saga","https://i.ibb.co/1f6xMT5B/594e6b802286.jpg"
"Arcade Party Pak","https://i.ibb.co/fYs44c32/3397a48ce52d.jpg"
"Mortal Kombat 3","https://i.ibb.co/M5j8xB5B/404b74662e18.jpg"
"Final Fantasy VI","https://i.ibb.co/bMttGMjS/f9e53771b333.jpg"
"Iron Man 2","https://i.ibb.co/vvm2bk4y/7a1b81f12038.jpg"
"Arcades Greatest Hits The Midway Collection 2","https://i.ibb.co/mr404Hrj/548fc7d79345.jpg"
"Mortal Kombat 2","https://i.ibb.co/GvBHL1b2/ffc47d0076b1.jpg"
"Extreme Ghostbusters The Ultimate Invasion","https://i.ibb.co/1YP9PyRD/1d2bab4fb108.jpg"
"The Sword of Etheria","https://i.ibb.co/VW1y7CGS/0eef74eb4a7d.jpg"
"Star Wars Lethal Alliance","https://i.ibb.co/g1sK1CK/69f4052dd1c4.jpg"
"Animal Snap Rescue Them 2 by 2","https://i.ibb.co/v0Jwv9S/9f96ea244c7a.jpg"
"Street Fighter Collection","https://i.ibb.co/M5hj2fYk/92bab9856115.jpg"
"Dragon Valor","https://i.ibb.co/wfyH0tB/e6e250654d8b.jpg"
"Star Wars Battlefront Elite Squadron","https://i.ibb.co/ZR1zXYVC/0ea5e5a8cf5b.jpg"
"Animal Football","https://i.ibb.co/BVzP2z4z/13e527439eab.jpg"
"Transport Tycoon","https://i.ibb.co/66MpkPk/98e06e86198c.jpg"
"WE10 History of English Football","https://i.ibb.co/mZTnKYZ/8a786b843807.jpg"
"Unchained Blades","https://i.ibb.co/MyY4gLDJ/3cddf472fa3c.jpg"
"Andretti Racing","https://i.ibb.co/QvsNkT43/77b939c6b4cf.jpg"
"Theme Hospital","https://i.ibb.co/xR2Tz8K/5aa53da1aba8.jpg"
"Tokyo Highway Battle","https://i.ibb.co/TBmVd2r4/adcb694b7752.jpg"
"Mafia","https://i.ibb.co/qXdm8gd/c18329d2aa9e.jpg"
"GigaBash","https://i.ibb.co/0dbfBd1/c3af30a4e1e0.jpg"
"Racing Lagoon","https://i.ibb.co/XZ4PsJ1s/8092ca2fda26.jpg"
"WWE Crush Hour","https://i.ibb.co/MDyXZvh0/f201f0904907.jpg"
"Pac Man Fever","https://i.ibb.co/kRJkgKv/1b7653ba5bc3.jpg"
"Traffic Jams","https://i.ibb.co/TMfVy3DV/f380b18551cb.jpg"
"Star Wars Battlefront Renegade Squadron","https://i.ibb.co/xZJ91kH/6d3565602bc2.jpg"
"NU POGODI","https://i.ibb.co/xKWvZ349/1a3c02d87fd4.jpg"
"Terracon","https://i.ibb.co/M59zZgZ7/b1d1f8433010.jpg"
"Celeste Classic","https://i.ibb.co/pv0zZsCN/a99f9178b636.jpg"
"Jim Hensons Bear in The Big Blue House","https://i.ibb.co/gZXj8W8m/8ad78eae5899.jpg"
"World Soccer Jikkyou Winning Eleven 3 Final Ver","https://i.ibb.co/LDhLXygk/a94f131632d9.jpg"
"Team Buddies","https://i.ibb.co/zTv7bShB/48e0a8c7b1f9.jpg"
"GrimGrimoire","https://i.ibb.co/20D4TqB7/59a41e99a1ad.jpg"
"Ghost in The Shell","https://i.ibb.co/hRYMFnt2/b49b550aea31.jpg"
"Ghost in The Shell Stand Alone Complex","https://i.ibb.co/jPbhgSNh/9bbca15d110a.jpg"
"BattleTanx Global Assault","https://i.ibb.co/Q3sNvd45/7c7ef183b72b.jpg"
"TOCA Touring Car Championship","https://i.ibb.co/HT4Mz98C/f24161404dd0.jpg"
"Tank Racer","https://i.ibb.co/C5fbDLLf/95597ebbc12f.jpg"
"Dino Crisis 2","https://i.ibb.co/whQRgbDp/fba315dd1272.jpg"
"Barbie Super Sports","https://i.ibb.co/99c6MyLw/cfaba542e63f.jpg"
"TOCA 2 Touring Car","https://i.ibb.co/WWj67xDD/6b9f11dbebd4.jpg"
"Turnabout","https://i.ibb.co/vvv8fGTn/47d72095eb36.jpg"
"Teenage Mutant Ninja Turtles Shredders Re Revenge","https://i.ibb.co/LdZ8pcrm/f1a9417dd225.jpg"
"Hulk","https://i.ibb.co/YF6dKr5v/d5bd79b43364.jpg"
"Barbie Explorer","https://i.ibb.co/q6vJKzS/a27b94a1bedb.jpg"
"Christmas Hack Collection","https://i.ibb.co/C5NwwqXC/d13e7a4cd8b0.jpg"
"Star Ixiom","https://i.ibb.co/27Q4H3Rn/7d82da43e278.jpg"
"Magic Pengel The Quest for Color","https://i.ibb.co/9mwb5Cmt/2af0bc3d3526.jpg"
"Backyard Soccer","https://i.ibb.co/JW4MBB6V/ddf7713fc8f5.jpg"
"NBA Jam Tournament Edition","https://i.ibb.co/B2gRVgHj/f3d3da7a5d70.jpg"
"Strikers 1945 II","https://i.ibb.co/HpTyJRd2/d7085bcb32b7.jpg"
"Nightshade","https://i.ibb.co/RTTDr8fH/6c5401cd6dc9.jpg"
"Backstreet Billiards","https://i.ibb.co/nsdLTTvJ/e1cd81e3b2c3.jpg"
"NES on PS1","https://i.ibb.co/wNdQztV8/b3767fb33ee3.jpg"
"Silent Iron","https://i.ibb.co/C5CcrGpj/692901f381f1.jpg"
"Blitz The League","https://i.ibb.co/mPkgGJQ/fb97e39e372d.jpg"
"Blitz Overtime","https://i.ibb.co/1tYP721S/a67fb4b1d852.jpg"
"WWF SmackDown 2 Know Your Role","https://i.ibb.co/r16wXkH/5f857ffec465.jpg"
"Sidewinder 2 Lets Dance in The Sky","https://i.ibb.co/0p6PTy7k/914703cdd22e.jpg"
"The Chronicles of Narnia The Lion The Witch and The Wardrobe","https://i.ibb.co/G4gVfWcG/61899732d91c.jpg"
"Manhunt 2","https://i.ibb.co/RT8LwGc3/32baaea86647.jpg"
"Space Quest V The Next Mutation","https://i.ibb.co/5XQxh093/16bda451a18e.jpg"
"Tomb Raider Underworld","https://i.ibb.co/CKMnmLgV/400ce4be0412.jpg"
"The Great Escape","https://i.ibb.co/MHySzwZ/2ea7e18ca4f8.jpg"
"Savage Moon The Hera Campaign","https://i.ibb.co/cSJsjwG4/174d67a5e10d.jpg"
"Army Men 3D","https://i.ibb.co/prNSSRx2/408f189a080f.jpg"
"Resident Evil 1.5 Magic Zombie Door","https://i.ibb.co/My75zSKb/e8d347abc746.jpg"
"Sidewinder USA","https://i.ibb.co/FkBHY7BY/150e2aee04e6.jpg"
"BioHazard Outbreak","https://i.ibb.co/1GY4cwKQ/f1ee1b9f93a6.jpg"
"Shin Megami Tensei Persona 4","https://i.ibb.co/9kmkjDT8/f470be474af1.jpg"
"Futurama","https://i.ibb.co/0VRsWnRQ/ec51f7e4b86d.jpg"
"Stuntman Ignition","https://i.ibb.co/HTtyvLkY/9b212c228f18.jpg"
"NFL Street 3","https://i.ibb.co/PG8rzzkz/38812f17bb37.jpg"
"NFL Street 2","https://i.ibb.co/DfT2pVGv/17218216f1e3.jpg"
"NFL Street","https://i.ibb.co/1fPtnWjR/f677be793656.jpg"
"Fight Night Round 2","https://i.ibb.co/KcdyrffJ/a584d9ce3edb.jpg"
"Fight Night 2004","https://i.ibb.co/tTGCbND4/5c2e3f9fc49a.jpg"
"Sniper Elite","https://i.ibb.co/XkKxkqVy/966f05d81ea0.jpg"
"Astal","https://i.ibb.co/RphM52b4/1e56922f43d3.jpg"
"Keio Flying Squadron 2","https://i.ibb.co/20L9NZg0/4753b7e106fe.jpg"
"Zanma Chou Ougi Valhollian","https://i.ibb.co/ZpJhGMwx/0baea5555b58.jpg"
"Lupin Sansei","https://i.ibb.co/mCjwpydT/749e2987d51d.jpg"
"Killing Time (Prototype)","https://i.ibb.co/ZR48ZVWZ/b41f266482d0.jpg"
"Big Air","https://i.ibb.co/jPyDM8sG/65b9c3c77d18.jpg"
"Class of Heroes","https://i.ibb.co/2YKLMWh2/14449c96338f.jpg"
"Army Men World War Final Front","https://i.ibb.co/7dbwpL9w/2346f346b2d9.jpg"
"Lode Runner","https://i.ibb.co/PZq2JRyT/f81e43ac08fb.jpg"
"BioHazard Outbreak File 2","https://i.ibb.co/VYLQyx8P/5409cd1dfbf9.jpg"
"Tunnel B1","https://i.ibb.co/hJ0zVWyL/f10a3a38a5d2.jpg"
"The Secret Saturdays Beasts of The 5th Sun","https://i.ibb.co/kVxJhhYN/a4490b430979.jpg"
"Disneys Tarzan","https://i.ibb.co/vCXbBRcZ/8e607df82075.jpg"
"Animal Hospital","https://i.ibb.co/prfVC4Fn/136f0fab8b8c.jpg"
"Pac Man World Rally","https://i.ibb.co/YwL6sKc/91b0b68ccf84.jpg"
"Call of Duty Black Ops 6","https://i.ibb.co/Zz1pM3Jn/78307cda15b2.jpg"
"Shadow Point","https://i.ibb.co/k6KqtVDB/978bf395d468.jpg"
"Nour Play With Your Food","https://i.ibb.co/Dc8GFbq/4a9c83cc95b9.jpg"
"Big Bass Fishing","https://i.ibb.co/YBKncn3q/d4ec0899ef33.jpg"
"Test Drive 6","https://i.ibb.co/Mvg2k8K/255f94afca6c.jpg"
"Velocity 2X","https://i.ibb.co/DPJHkGyZ/b1b68a304b45.jpg"
"Death Squared","https://i.ibb.co/Mk7PvWwc/03202e51f636.jpg"
"Big Strike Bowling","https://i.ibb.co/35TzFVXL/a226293fc1a9.jpg"
"Cutie Hacks Oh no Someone Stole My Photos","https://i.ibb.co/CRKWS43/5daa33e64b2e.jpg"
