Link,GameName
https://dlpsgame.com/wp-content/uploads/2024/09/3-1.jpg,Visions of Mana Digital Deluxe Edition
https://dlpsgame.com/wp-content/uploads/2024/09/29.jpg,Ducati World Racing Challenge
https://dlpsgame.com/wp-content/uploads/2024/09/29-1.jpg,The Mummy
https://dlpsgame.com/wp-content/uploads/2024/09/28.jpg,Dragon Seeds
https://dlpsgame.com/wp-content/uploads/2024/09/28-2.jpg,TOMBI
https://dlpsgame.com/wp-content/uploads/2024/09/28-1.jpg,Front Mission 3
https://dlpsgame.com/wp-content/uploads/2024/09/27.jpg,Terry Pratchetts Discworld
https://dlpsgame.com/wp-content/uploads/2024/09/27-2.jpg,C 12 The Final Resistance
https://dlpsgame.com/wp-content/uploads/2024/09/27-1.jpg,Independence Day
https://dlpsgame.com/wp-content/uploads/2024/09/26.jpg,Diablo
https://dlpsgame.com/wp-content/uploads/2024/09/26-2.jpg,Men in Black The Game
https://dlpsgame.com/wp-content/uploads/2024/09/26-1.jpg,Stuart Little 2
https://dlpsgame.com/wp-content/uploads/2024/09/25.jpg,Fluid
https://dlpsgame.com/wp-content/uploads/2024/09/25-2.jpg,Dark Legend
https://dlpsgame.com/wp-content/uploads/2024/09/25-1.jpg,Disneys The Little Mermaid 2
https://dlpsgame.com/wp-content/uploads/2024/09/24.jpg,Fishermans Bait A Bass Challenge
https://dlpsgame.com/wp-content/uploads/2024/09/24-2.jpg,Suiko Enbu Fuunsaiki
https://dlpsgame.com/wp-content/uploads/2024/09/24-1.jpg,The Smurfs
https://dlpsgame.com/wp-content/uploads/2024/09/23.jpg,Firo and Klawd
https://dlpsgame.com/wp-content/uploads/2024/09/23-2.jpg,Metal Black
https://dlpsgame.com/wp-content/uploads/2024/09/22-1.jpg,Blast Wind
https://dlpsgame.com/wp-content/uploads/2024/09/21-1.jpg,The Crew 2
https://dlpsgame.com/wp-content/uploads/2024/09/20.jpg,Final Fantasy Origins
https://dlpsgame.com/wp-content/uploads/2024/09/20-2.jpg,Sengoku Basara X Cross
https://dlpsgame.com/wp-content/uploads/2024/09/2.jpg,DoDonPachi Blissful Death Re Incarnation
https://dlpsgame.com/wp-content/uploads/2024/09/2-8.jpg,Mozart Requiem
https://dlpsgame.com/wp-content/uploads/2024/09/2-7.jpg,DreadOut 2
https://dlpsgame.com/wp-content/uploads/2024/09/2-6.jpg,Groove Adventure Rave Plue no Daibouken
https://dlpsgame.com/wp-content/uploads/2024/09/2-5.jpg,TIEBREAK Official Game of The ATP and WTA
https://dlpsgame.com/wp-content/uploads/2024/09/2-4.jpg,Exophobia
https://dlpsgame.com/wp-content/uploads/2024/09/2-3.jpg,Prototype
https://dlpsgame.com/wp-content/uploads/2024/09/2-2.jpg,Gunfighter The legend of Jesse James
https://dlpsgame.com/wp-content/uploads/2024/09/2-10.jpg,DreamWeb
https://dlpsgame.com/wp-content/uploads/2024/09/2-1.jpg,Vagante
https://dlpsgame.com/wp-content/uploads/2024/09/19.jpg,Extreme Pinball
https://dlpsgame.com/wp-content/uploads/2024/09/19-2.jpg,Golden Axe The Duel
https://dlpsgame.com/wp-content/uploads/2024/09/18.jpg,Extreme Go Kart Racing
https://dlpsgame.com/wp-content/uploads/2024/09/17.jpg,Evil Dead Hail To The King
https://dlpsgame.com/wp-content/uploads/2024/09/17-2.jpg,Biker Mice From Mars
https://dlpsgame.com/wp-content/uploads/2024/09/16.jpg,Grudge Warriors
https://dlpsgame.com/wp-content/uploads/2024/09/16-2.jpg,Disneys Peter Pan The Legend of Never Land
https://dlpsgame.com/wp-content/uploads/2024/09/16-1.jpg,Fantastic Four
https://dlpsgame.com/wp-content/uploads/2024/09/15.jpg,Goal Storm
https://dlpsgame.com/wp-content/uploads/2024/09/15-2.jpg,Daredevil The Man Without Fear
https://dlpsgame.com/wp-content/uploads/2024/09/15-1.jpg,Iron Man X O Manowar In Heavy Metal
https://dlpsgame.com/wp-content/uploads/2024/09/14.jpg,Ghoul Panic
https://dlpsgame.com/wp-content/uploads/2024/09/14-2.jpg,Sphinx and The Cursed Mummy
https://dlpsgame.com/wp-content/uploads/2024/09/13.jpg,Formula Nippon
https://dlpsgame.com/wp-content/uploads/2024/09/13-2.jpg,Spy Hunter Nowhere to Run
https://dlpsgame.com/wp-content/uploads/2024/09/12.jpg,Formula 1
https://dlpsgame.com/wp-content/uploads/2024/09/12-2.jpg,Juiced 2 Hot Import Nights
https://dlpsgame.com/wp-content/uploads/2024/09/114.jpg,Terra Cresta 3D
https://dlpsgame.com/wp-content/uploads/2024/09/113.jpg,Layer Section 2
https://dlpsgame.com/wp-content/uploads/2024/09/112.jpg,The King of Fighters 95
https://dlpsgame.com/wp-content/uploads/2024/09/111.jpg,Crows The Battle Action for SegaSaturn
https://dlpsgame.com/wp-content/uploads/2024/09/110.jpg,Arcade Gears Image Fight and XMultiply
https://dlpsgame.com/wp-content/uploads/2024/09/11.jpg,Formula 1 98
https://dlpsgame.com/wp-content/uploads/2024/09/11-2.jpg,Zathura
https://dlpsgame.com/wp-content/uploads/2024/09/109.jpg,Arcade Gears Wonder 3
https://dlpsgame.com/wp-content/uploads/2024/09/108.jpg,Arcade Gears Gun Frontier
https://dlpsgame.com/wp-content/uploads/2024/09/107.jpg,Arcade Gears Pu Li Ru La
https://dlpsgame.com/wp-content/uploads/2024/09/106.jpg,Tryrush Deppy
https://dlpsgame.com/wp-content/uploads/2024/09/105.jpg,Elevator Action Returns
https://dlpsgame.com/wp-content/uploads/2024/09/104.jpg,Johnny Bazookatone
https://dlpsgame.com/wp-content/uploads/2024/09/103.jpg,DoDonPachi
https://dlpsgame.com/wp-content/uploads/2024/09/102.jpg,Tenchi o Kurau 2 Sekiheki no Tatakai
https://dlpsgame.com/wp-content/uploads/2024/09/101.jpg,Sol Divide Sword of Darkness
https://dlpsgame.com/wp-content/uploads/2024/09/100.jpg,Mickeys Wild Adventure
https://dlpsgame.com/wp-content/uploads/2024/09/100-2.jpg,Game Tengoku The Game Paradise
https://dlpsgame.com/wp-content/uploads/2024/09/100-1.jpg,Starsky and Hutch
https://dlpsgame.com/wp-content/uploads/2024/09/10.jpg,Formula 1 97
https://dlpsgame.com/wp-content/uploads/2024/09/10-2.jpg,NBA Jam
https://dlpsgame.com/wp-content/uploads/2024/09/1.jpg,Dangun Feveron
https://dlpsgame.com/wp-content/uploads/2024/09/1-9.jpg,STALKER Legends of The Zone Trilogy
https://dlpsgame.com/wp-content/uploads/2024/09/1-8.jpg,Monster Jam Showdown
https://dlpsgame.com/wp-content/uploads/2024/09/1-7.jpg,LazyNES Emulator (imbNES)
https://dlpsgame.com/wp-content/uploads/2024/09/1-6.jpg,Starsand
https://dlpsgame.com/wp-content/uploads/2024/09/1-5.jpg,Super Mega Baseball 4 Ballpark Edition
https://dlpsgame.com/wp-content/uploads/2024/09/1-4.jpg,My Riding Stables 2 A New Adventure
https://dlpsgame.com/wp-content/uploads/2024/09/1-3.jpg,Atari 50 The Anniversary Celebration
https://dlpsgame.com/wp-content/uploads/2024/09/1-26.jpg,The Karate Kid Street Rumble
https://dlpsgame.com/wp-content/uploads/2024/09/1-25.jpg,Super Robot Taisen A Portable
https://dlpsgame.com/wp-content/uploads/2024/09/1-23.jpg,Dein erstes Pferd Die Reitschule
https://dlpsgame.com/wp-content/uploads/2024/09/1-22.jpg,War of The Monsters
https://dlpsgame.com/wp-content/uploads/2024/09/1-21.jpg,EA Sports FC 25
https://dlpsgame.com/wp-content/uploads/2024/09/1-20.jpg,Sol Cresta
https://dlpsgame.com/wp-content/uploads/2024/09/1-2.jpg,Klonoa Beach Volleball
https://dlpsgame.com/wp-content/uploads/2024/09/1-19.jpg,Task Force Delta Afghanistan
https://dlpsgame.com/wp-content/uploads/2024/09/1-18.jpg,Down The Rabbit Hole
https://dlpsgame.com/wp-content/uploads/2024/09/1-17.jpg,Bully (Canis Canem Edit)
https://dlpsgame.com/wp-content/uploads/2024/09/1-16.jpg,Tin Hearts
https://dlpsgame.com/wp-content/uploads/2024/09/1-15.jpg,Star Wars Jedi Survivor
https://dlpsgame.com/wp-content/uploads/2024/09/1-14.jpg,Summer Games Challenge
https://dlpsgame.com/wp-content/uploads/2024/09/1-12.jpg,NBA 2K25
https://dlpsgame.com/wp-content/uploads/2024/09/1-11.jpg,NASCAR Arcade Rush
https://dlpsgame.com/wp-content/uploads/2024/09/1-10.jpg,NHL 19
https://dlpsgame.com/wp-content/uploads/2024/09/1-1.jpg,Pac Man Museum Plus
https://dlpsgame.com/wp-content/uploads/2024/08/x.jpg,Madden NFL 25
https://dlpsgame.com/wp-content/uploads/2024/08/x-3.jpg,World of Horror
https://dlpsgame.com/wp-content/uploads/2024/08/x-2.jpg,DREDGE
https://dlpsgame.com/wp-content/uploads/2024/08/x-1.jpg,Crazy Chicken Traps and Treasure 2
https://dlpsgame.com/wp-content/uploads/2024/08/Warhammer-Chaosbane.jpg,Warhammer Chaosbane
https://dlpsgame.com/wp-content/uploads/2024/08/Untitled.jpg,Samurai Shodown
https://dlpsgame.com/wp-content/uploads/2024/08/The-Legend-of-Heroes-Trails-through-Daybreak.jpg,The Legend of Heroes Trails through Daybreak
https://dlpsgame.com/wp-content/uploads/2024/08/Super-Time-Force-Ultra.jpg,Super Time Force Ultra
https://dlpsgame.com/wp-content/uploads/2024/08/SHU.jpg,SHU
https://dlpsgame.com/wp-content/uploads/2024/08/Scholars-Mate.jpg,Scholars Mate
https://dlpsgame.com/wp-content/uploads/2024/08/Resident-Evil-Directors-Cut.jpg,Resident Evil Directors Cut
https://dlpsgame.com/wp-content/uploads/2024/08/Pursuit-Force.jpg,Pursuit Force
https://dlpsgame.com/wp-content/uploads/2024/08/Pursuit-Force-Extreme-Justice.jpg,Pursuit Force Extreme Justice
https://dlpsgame.com/wp-content/uploads/2024/08/Phantom-Breaker-Omnia.jpg,Phantom Breaker Omnia
https://dlpsgame.com/wp-content/uploads/2024/08/Oddballers.jpg,Oddballers
https://dlpsgame.com/wp-content/uploads/2024/08/Nidhogg-2.jpg,Nidhogg 2
https://dlpsgame.com/wp-content/uploads/2024/08/MX-Nitro-Unleashed.jpg,MX Nitro Unleashed
https://dlpsgame.com/wp-content/uploads/2024/08/Mighty-Morphin-Power-Rangers-Mega-Battle.jpg,Mighty Morphin Power Rangers Mega Battle
https://dlpsgame.com/wp-content/uploads/2024/08/Gary-The-Gull.jpg,Gary The Gull
https://dlpsgame.com/wp-content/uploads/2024/08/Fox-N-Forests.jpg,Fox N Forests
https://dlpsgame.com/wp-content/uploads/2024/08/Formula-Retro-Racing.jpg,Formula Retro Racing
https://dlpsgame.com/wp-content/uploads/2024/08/Donuts-N-Justice.jpg,Donuts N Justice
https://dlpsgame.com/wp-content/uploads/2024/08/Cricket-24.jpg,Cricket 24
https://dlpsgame.com/wp-content/uploads/2024/08/Costume-Quest-2.jpg,Costume Quest 2
https://dlpsgame.com/wp-content/uploads/2024/08/Angry-Alligator.jpg,Angry Alligator
https://dlpsgame.com/wp-content/uploads/2024/08/99-4.jpg,Jet Moto 3
https://dlpsgame.com/wp-content/uploads/2024/08/99-3.jpg,Championship Motocross Featuring Ricky Carmichael
https://dlpsgame.com/wp-content/uploads/2024/08/99-2.jpg,Die Hard Trilogy 2 Viva Las Vegas
https://dlpsgame.com/wp-content/uploads/2024/08/99-1.jpg,Star Wars Masters of Teras Kasi
https://dlpsgame.com/wp-content/uploads/2024/08/98-5.jpg,Jet Moto
https://dlpsgame.com/wp-content/uploads/2024/08/98-4.jpg,Championship Manager Quiz
https://dlpsgame.com/wp-content/uploads/2024/08/98-3.jpg,Nuclear Strike
https://dlpsgame.com/wp-content/uploads/2024/08/98-2.jpg,Time Commando
https://dlpsgame.com/wp-content/uploads/2024/08/98-1.jpg,Soul Blade
https://dlpsgame.com/wp-content/uploads/2024/08/97-4.jpg,Irritating Stick
https://dlpsgame.com/wp-content/uploads/2024/08/97-3.jpg,Centipede
https://dlpsgame.com/wp-content/uploads/2024/08/97-2.jpg,Hermie Hopperhead Scrap Panic
https://dlpsgame.com/wp-content/uploads/2024/08/97-1.jpg,Lode Runner Extra
https://dlpsgame.com/wp-content/uploads/2024/08/96.jpg,Vandal Hearts The Lost Civilization
https://dlpsgame.com/wp-content/uploads/2024/08/96-4.jpg,Intellivision Classic Games
https://dlpsgame.com/wp-content/uploads/2024/08/96-3.jpg,California Surfing
https://dlpsgame.com/wp-content/uploads/2024/08/96-2.jpg,Tyco RC Assault With A Battery
https://dlpsgame.com/wp-content/uploads/2024/08/96-1.jpg,Lode Runner The Legend Returns
https://dlpsgame.com/wp-content/uploads/2024/08/95.jpg,Dungeon Master Nexus
https://dlpsgame.com/wp-content/uploads/2024/08/95-4.jpg,Mike Tyson Boxing
https://dlpsgame.com/wp-content/uploads/2024/08/95-3.jpg,California Watersports
https://dlpsgame.com/wp-content/uploads/2024/08/95-2.jpg,Command and Conquer Red Alert Retaliation
https://dlpsgame.com/wp-content/uploads/2024/08/95-1.jpg,Trap Gunner Countdown to Oblivion
https://dlpsgame.com/wp-content/uploads/2024/08/94.jpg,X Men The Arcade Game
https://dlpsgame.com/wp-content/uploads/2024/08/94-4.jpg,Midnight Run
https://dlpsgame.com/wp-content/uploads/2024/08/94-3.jpg,Card Games
https://dlpsgame.com/wp-content/uploads/2024/08/94-2.jpg,Command and Conquer Red Alert
https://dlpsgame.com/wp-content/uploads/2024/08/94-1.jpg,Germs Nerawareta Machi
https://dlpsgame.com/wp-content/uploads/2024/08/93.jpg,Machine Head
https://dlpsgame.com/wp-content/uploads/2024/08/93-4.jpg,Mega Man Legends 2
https://dlpsgame.com/wp-content/uploads/2024/08/93-3.jpg,Broken Helix
https://dlpsgame.com/wp-content/uploads/2024/08/93-2.jpg,Command and Conquer
https://dlpsgame.com/wp-content/uploads/2024/08/93-1.jpg,Spider The Video Game
https://dlpsgame.com/wp-content/uploads/2024/08/92.jpg,Super Mario Kart Horizons
https://dlpsgame.com/wp-content/uploads/2024/08/92-2.jpg,Criticom Critical Combat
https://dlpsgame.com/wp-content/uploads/2024/08/92-1.jpg,Pax Corpus
https://dlpsgame.com/wp-content/uploads/2024/08/91.jpg,Clock Tower Deluxe Hack Collection
https://dlpsgame.com/wp-content/uploads/2024/08/91-4.jpg,Marvel Super Heroes vs Street Fighter
https://dlpsgame.com/wp-content/uploads/2024/08/91-3.jpg,Critical Depth
https://dlpsgame.com/wp-content/uploads/2024/08/91-2.jpg,Wipeout 2097
https://dlpsgame.com/wp-content/uploads/2024/08/91-1.jpg,Linda Cube Again
https://dlpsgame.com/wp-content/uploads/2024/08/90.jpg,Policenauts
https://dlpsgame.com/wp-content/uploads/2024/08/90-3.jpg,Martian Gothic Unification
https://dlpsgame.com/wp-content/uploads/2024/08/90-2.jpg,Creatures
https://dlpsgame.com/wp-content/uploads/2024/08/90-1.jpg,In Cold Blood
https://dlpsgame.com/wp-content/uploads/2024/08/9.jpg,Class of Heroes 2
https://dlpsgame.com/wp-content/uploads/2024/08/9-4.jpg,Brian Lara Cricket
https://dlpsgame.com/wp-content/uploads/2024/08/9-3.jpg,Crash Bandicoot 3 Warped
https://dlpsgame.com/wp-content/uploads/2024/08/9-2.jpg,Zero Divide 2 The Secret Wish
https://dlpsgame.com/wp-content/uploads/2024/08/89.jpg,Mizubaku Daibouken (Liquid Kids)
https://dlpsgame.com/wp-content/uploads/2024/08/89-3.jpg,Lucky Luke
https://dlpsgame.com/wp-content/uploads/2024/08/89-2.jpg,Chrono Cross
https://dlpsgame.com/wp-content/uploads/2024/08/89-1.jpg,Black Dawn
https://dlpsgame.com/wp-content/uploads/2024/08/88.jpg,Super Tempo
https://dlpsgame.com/wp-content/uploads/2024/08/88-4.jpg,LEGO Racers
https://dlpsgame.com/wp-content/uploads/2024/08/88-3.jpg,Chris Kamaras Street Soccer
https://dlpsgame.com/wp-content/uploads/2024/08/88-2.jpg,Worms
https://dlpsgame.com/wp-content/uploads/2024/08/87.jpg,Mega Man 8 Anniversary Collectors Edition
https://dlpsgame.com/wp-content/uploads/2024/08/87-4.jpg,No Fear Downhill Mountain Biking
https://dlpsgame.com/wp-content/uploads/2024/08/87-3.jpg,Chocobos Dungeon 2
https://dlpsgame.com/wp-content/uploads/2024/08/87-2.jpg,The King of Fighters 97
https://dlpsgame.com/wp-content/uploads/2024/08/87-1.jpg,TwinBee Taisen Puzzle Dama
https://dlpsgame.com/wp-content/uploads/2024/08/86.jpg,Nekketsu Oyako
https://dlpsgame.com/wp-content/uploads/2024/08/86-4.jpg,NBA Jam Extreme
https://dlpsgame.com/wp-content/uploads/2024/08/86-3.jpg,Chocobo Racing
https://dlpsgame.com/wp-content/uploads/2024/08/86-2.jpg,NASCAR Thunder 2004
https://dlpsgame.com/wp-content/uploads/2024/08/86-1.jpg,TwinBee RPG
https://dlpsgame.com/wp-content/uploads/2024/08/85.jpg,Metal Slug Super Vehicle 001
https://dlpsgame.com/wp-content/uploads/2024/08/85-4.jpg,NASCAR Rumble
https://dlpsgame.com/wp-content/uploads/2024/08/85-3.jpg,Championship Surfer
https://dlpsgame.com/wp-content/uploads/2024/08/85-2.jpg,NASCAR Thunder 2003
https://dlpsgame.com/wp-content/uploads/2024/08/84.jpg,Batsugun
https://dlpsgame.com/wp-content/uploads/2024/08/84-4.jpg,NASCAR 98
https://dlpsgame.com/wp-content/uploads/2024/08/84-3.jpg,Dave Mirra Freestyle BMX Maximum Remix
https://dlpsgame.com/wp-content/uploads/2024/08/84-2.jpg,NASCAR Thunder 2002
https://dlpsgame.com/wp-content/uploads/2024/08/83.jpg,Patapon 3
https://dlpsgame.com/wp-content/uploads/2024/08/83-3.jpg,Namco Tennis Smash Court
https://dlpsgame.com/wp-content/uploads/2024/08/83-2.jpg,Le Mans 24 Hours
https://dlpsgame.com/wp-content/uploads/2024/08/83-1.jpg,Casper Friends Around The World
https://dlpsgame.com/wp-content/uploads/2024/08/82.jpg,The 3rd Birthday
https://dlpsgame.com/wp-content/uploads/2024/08/82-3.jpg,Mortal Kombat Special Forces
https://dlpsgame.com/wp-content/uploads/2024/08/82-2.jpg,NFL Xtreme 2
https://dlpsgame.com/wp-content/uploads/2024/08/82-1.jpg,N Gen Racing
https://dlpsgame.com/wp-content/uploads/2024/08/81.jpg,Resident Evil Directors Cut MEGA Collection
https://dlpsgame.com/wp-content/uploads/2024/08/81-4.jpg,Mort The Chicken
https://dlpsgame.com/wp-content/uploads/2024/08/81-3.jpg,NFL Blitz 2001
https://dlpsgame.com/wp-content/uploads/2024/08/81-2.jpg,RC Revenge
https://dlpsgame.com/wp-content/uploads/2024/08/81-1.jpg,Digimon World 2
https://dlpsgame.com/wp-content/uploads/2024/08/80.jpg,Assault Rigs
https://dlpsgame.com/wp-content/uploads/2024/08/80-3.jpg,Monster Bass
https://dlpsgame.com/wp-content/uploads/2024/08/80-2.jpg,Cybertiger
https://dlpsgame.com/wp-content/uploads/2024/08/80-1.jpg,RC de Go
https://dlpsgame.com/wp-content/uploads/2024/08/8.jpg,LEGO Indiana Jones The Original Adventures
https://dlpsgame.com/wp-content/uploads/2024/08/8-4.jpg,Breakout
https://dlpsgame.com/wp-content/uploads/2024/08/8-3.jpg,X Men Children of The Atom
https://dlpsgame.com/wp-content/uploads/2024/08/8-2.jpg,Z
https://dlpsgame.com/wp-content/uploads/2024/08/8-1.jpg,Rogue Ops
https://dlpsgame.com/wp-content/uploads/2024/08/79.jpg,Aqua GT
https://dlpsgame.com/wp-content/uploads/2024/08/79-2.jpg,Cyberia
https://dlpsgame.com/wp-content/uploads/2024/08/79-1.jpg,Virus It is Aware
https://dlpsgame.com/wp-content/uploads/2024/08/78.jpg,Contra Memory Collection
https://dlpsgame.com/wp-content/uploads/2024/08/78-4.jpg,Superbike 2000
https://dlpsgame.com/wp-content/uploads/2024/08/78-3.jpg,Cyber Sled
https://dlpsgame.com/wp-content/uploads/2024/08/78-2.jpg,Crime Killer
https://dlpsgame.com/wp-content/uploads/2024/08/77.jpg,Platypus
https://dlpsgame.com/wp-content/uploads/2024/08/77-4.jpg,Street Fighter The Movie
https://dlpsgame.com/wp-content/uploads/2024/08/77-3.jpg,Cubix Robots for Everyone Race N Robots
https://dlpsgame.com/wp-content/uploads/2024/08/77-2.jpg,WarGames Defcon 1
https://dlpsgame.com/wp-content/uploads/2024/08/77-1.jpg,The Amazing Virtual Sea Monkeys
https://dlpsgame.com/wp-content/uploads/2024/08/76a.jpg,Spyro 2 Gateway To Glimmer
https://dlpsgame.com/wp-content/uploads/2024/08/76.jpg,Sonic Rivals
https://dlpsgame.com/wp-content/uploads/2024/08/76-3.jpg,CT Special Forces 3 Bioterror
https://dlpsgame.com/wp-content/uploads/2024/08/76-2.jpg,Maximum Force
https://dlpsgame.com/wp-content/uploads/2024/08/76-1.jpg,ATV Quad Power Racing
https://dlpsgame.com/wp-content/uploads/2024/08/75.jpg,Sonic Rivals 2
https://dlpsgame.com/wp-content/uploads/2024/08/75-4.jpg,Ridge Racer Revolution
https://dlpsgame.com/wp-content/uploads/2024/08/75-3.jpg,Disney Pixar Toy Story 2 Buzz Lightyear To The Rescue
https://dlpsgame.com/wp-content/uploads/2024/08/75-2.jpg,Simple 1500 Series Vol 78 The Zeroyon
https://dlpsgame.com/wp-content/uploads/2024/08/75-1.jpg,ATV Mania
https://dlpsgame.com/wp-content/uploads/2024/08/74.jpg,Mortal Kombat Unchained
https://dlpsgame.com/wp-content/uploads/2024/08/74-4.jpg,Overblood 2
https://dlpsgame.com/wp-content/uploads/2024/08/74-3.jpg,Dirt Jockey Heavy Equipment Operator
https://dlpsgame.com/wp-content/uploads/2024/08/74-2.jpg,Need for Speed V Rally
https://dlpsgame.com/wp-content/uploads/2024/08/73.jpg,The Flying Hamster
https://dlpsgame.com/wp-content/uploads/2024/08/73-3.jpg,Overblood A 3D Sci Fi Adventure
https://dlpsgame.com/wp-content/uploads/2024/08/73-2.jpg,Dinosaurs
https://dlpsgame.com/wp-content/uploads/2024/08/72.jpg,Need for Speed Carbon Own The City
https://dlpsgame.com/wp-content/uploads/2024/08/72-4.jpg,Omega Boost
https://dlpsgame.com/wp-content/uploads/2024/08/72-3.jpg,Digimon World 3
https://dlpsgame.com/wp-content/uploads/2024/08/72-2.jpg,Rush Hour
https://dlpsgame.com/wp-content/uploads/2024/08/71.jpg,Tales of Eternia
https://dlpsgame.com/wp-content/uploads/2024/08/71-4.jpg,Ultimate Fighting Championship
https://dlpsgame.com/wp-content/uploads/2024/08/71-3.jpg,Digimon Digital Card Battle
https://dlpsgame.com/wp-content/uploads/2024/08/71-2.jpg,Need for Speed V Rally 2
https://dlpsgame.com/wp-content/uploads/2024/08/70.jpg,Virtua Tennis 3
https://dlpsgame.com/wp-content/uploads/2024/08/70-4.jpg,Tomb Raider The Last Revelation
https://dlpsgame.com/wp-content/uploads/2024/08/70-3.jpg,Devil Dice
https://dlpsgame.com/wp-content/uploads/2024/08/70-2.jpg,LEGO Island 2 The Bricksters Revenge
https://dlpsgame.com/wp-content/uploads/2024/08/70-1.jpg,Thousand Arms
https://dlpsgame.com/wp-content/uploads/2024/08/7.jpg,Klonoa Door to Phantomile
https://dlpsgame.com/wp-content/uploads/2024/08/7-4.jpg,Bogey Dead 6
https://dlpsgame.com/wp-content/uploads/2024/08/7-3.jpg,Tales of Destiny
https://dlpsgame.com/wp-content/uploads/2024/08/7-2.jpg,X Com Terror From The Deep
https://dlpsgame.com/wp-content/uploads/2024/08/7-1.jpg,STOLEN
https://dlpsgame.com/wp-content/uploads/2024/08/69.jpg,VT Tennis
https://dlpsgame.com/wp-content/uploads/2024/08/69-4.jpg,TOCA Championship Racing
https://dlpsgame.com/wp-content/uploads/2024/08/69-3.jpg,Detective Mouse
https://dlpsgame.com/wp-content/uploads/2024/08/69-2.jpg,Running High
https://dlpsgame.com/wp-content/uploads/2024/08/69-1.jpg,Aztec The Curse in The Heart of The City of Gold
https://dlpsgame.com/wp-content/uploads/2024/08/68b.jpg,Exit 2
https://dlpsgame.com/wp-content/uploads/2024/08/68a.jpg,Exit
https://dlpsgame.com/wp-content/uploads/2024/08/68.jpg,Ayrton Senna Kart Duel
https://dlpsgame.com/wp-content/uploads/2024/08/68-3.jpg,Tiny Toon Adventures Toonenstein Dare to Scare
https://dlpsgame.com/wp-content/uploads/2024/08/68-2.jpg,Detective Barbie The Mystery Cruise
https://dlpsgame.com/wp-content/uploads/2024/08/68-1.jpg,The Next Tetris
https://dlpsgame.com/wp-content/uploads/2024/08/67.jpg,Sailor Moon Master of Arena
https://dlpsgame.com/wp-content/uploads/2024/08/67-4.jpg,The Raiden Project
https://dlpsgame.com/wp-content/uploads/2024/08/67-3.jpg,Demolition Racer
https://dlpsgame.com/wp-content/uploads/2024/08/67-2.jpg,Need for Speed Porsche 2000
https://dlpsgame.com/wp-content/uploads/2024/08/67-1.jpg,Ayrton Senna Kart Duel 2
https://dlpsgame.com/wp-content/uploads/2024/08/66.jpg,Roll Away
https://dlpsgame.com/wp-content/uploads/2024/08/66-4.jpg,The Powerpuff Girls Chemical X Traction
https://dlpsgame.com/wp-content/uploads/2024/08/66-3.jpg,Dracula The Last Sanctuary
https://dlpsgame.com/wp-content/uploads/2024/08/66-2.jpg,Puchi Carat
https://dlpsgame.com/wp-content/uploads/2024/08/66-1.jpg,Auto Destruct
https://dlpsgame.com/wp-content/uploads/2024/08/65.jpg,Kingsleys Adventure
https://dlpsgame.com/wp-content/uploads/2024/08/65-4.jpg,The King of Fighters 99
https://dlpsgame.com/wp-content/uploads/2024/08/65-3.jpg,Dracula The Resurrection
https://dlpsgame.com/wp-content/uploads/2024/08/65-2.jpg,Firebugs
https://dlpsgame.com/wp-content/uploads/2024/08/65-1.jpg,Austin Powers Pinball
https://dlpsgame.com/wp-content/uploads/2024/08/64.jpg,Shadow Madness
https://dlpsgame.com/wp-content/uploads/2024/08/64-4.jpg,Street Fighter Alpha 2
https://dlpsgame.com/wp-content/uploads/2024/08/64-3.jpg,Dora The Explorer Barnyard Buddies
https://dlpsgame.com/wp-content/uploads/2024/08/64-2.jpg,Radikal Bikers
https://dlpsgame.com/wp-content/uploads/2024/08/64-1.jpg,Atlantis The Lost Tales
https://dlpsgame.com/wp-content/uploads/2024/08/63.jpg,LEGO Pirates of The Caribbean The Video Game
https://dlpsgame.com/wp-content/uploads/2024/08/63-4.jpg,G Darius
https://dlpsgame.com/wp-content/uploads/2024/08/63-3.jpg,Disney Presents Tiggers Honey Hunt
https://dlpsgame.com/wp-content/uploads/2024/08/63-2.jpg,Monster Rancher Battle Card Episode 2
https://dlpsgame.com/wp-content/uploads/2024/08/63-1.jpg,Asteroids
https://dlpsgame.com/wp-content/uploads/2024/08/62.jpg,Gladiator Begins
https://dlpsgame.com/wp-content/uploads/2024/08/62-4.jpg,X Men Mutant Academy
https://dlpsgame.com/wp-content/uploads/2024/08/62-3.jpg,Peter Pan in Disneys Return to Never Land
https://dlpsgame.com/wp-content/uploads/2024/08/62-2.jpg,The Divide Enemies Within
https://dlpsgame.com/wp-content/uploads/2024/08/62-1.jpg,Strikers 1945
https://dlpsgame.com/wp-content/uploads/2024/08/61.jpg,Assassins Creed Bloodlines
https://dlpsgame.com/wp-content/uploads/2024/08/61-4.jpg,Walt Disney World Quest Magical Racing Tour
https://dlpsgame.com/wp-content/uploads/2024/08/61-3.jpg,Disneys Goofys Fun House
https://dlpsgame.com/wp-content/uploads/2024/08/61-2.jpg,The City of Lost Children
https://dlpsgame.com/wp-content/uploads/2024/08/61-1.jpg,Tactics Ogre Let Us Cling Together
https://dlpsgame.com/wp-content/uploads/2024/08/60b.jpg,Capcom Vs SNK Pro
https://dlpsgame.com/wp-content/uploads/2024/08/60a.jpg,Capcom Vs SNK Millennium Fight 2000 Pro
https://dlpsgame.com/wp-content/uploads/2024/08/60.jpg,Sanvein
https://dlpsgame.com/wp-content/uploads/2024/08/60-2.jpg,Wacky Races
https://dlpsgame.com/wp-content/uploads/2024/08/60-1.jpg,Disneys Dinosaur
https://dlpsgame.com/wp-content/uploads/2024/08/6.jpg,Super Mario Summer Heat Collection 2024
https://dlpsgame.com/wp-content/uploads/2024/08/6-4.jpg,Blues Clues Blues Big Musical
https://dlpsgame.com/wp-content/uploads/2024/08/6-3.jpg,Cool Boarders 2
https://dlpsgame.com/wp-content/uploads/2024/08/6-2.jpg,V2000
https://dlpsgame.com/wp-content/uploads/2024/08/6-1.jpg,Motorsiege Warriors of Primetime
https://dlpsgame.com/wp-content/uploads/2024/08/59.jpg,Demon Chaos
https://dlpsgame.com/wp-content/uploads/2024/08/59-4.jpg,V Rally 97 Championship Edition
https://dlpsgame.com/wp-content/uploads/2024/08/59-3.jpg,Disneys 101 Dalmatians 2 Patchs London Adventure
https://dlpsgame.com/wp-content/uploads/2024/08/59-2.jpg,CT Special Forces
https://dlpsgame.com/wp-content/uploads/2024/08/59-1.jpg,Nectaris Military Madness
https://dlpsgame.com/wp-content/uploads/2024/08/58.jpg,Wizardry Tale of The Forsaken Land
https://dlpsgame.com/wp-content/uploads/2024/08/58-4.jpg,Vampire Hunter D
https://dlpsgame.com/wp-content/uploads/2024/08/58-3.jpg,Disney Pixar Buzz Lightyear of Star Command
https://dlpsgame.com/wp-content/uploads/2024/08/58-2.jpg,CT Special Forces Back to Hell
https://dlpsgame.com/wp-content/uploads/2024/08/58-1.jpg,Evil Zone
https://dlpsgame.com/wp-content/uploads/2024/08/57.jpg,Juiced
https://dlpsgame.com/wp-content/uploads/2024/08/57-4.jpg,Cyberbots Full Metal Madness
https://dlpsgame.com/wp-content/uploads/2024/08/57-3.jpg,NBA Live 99
https://dlpsgame.com/wp-content/uploads/2024/08/57-1.jpg,Cardinal Syn
https://dlpsgame.com/wp-content/uploads/2024/08/56.jpg,Magic Knight Rayearth
https://dlpsgame.com/wp-content/uploads/2024/08/56-4.jpg,The King of Fighters 96
https://dlpsgame.com/wp-content/uploads/2024/08/56-3.jpg,NBA Live 98
https://dlpsgame.com/wp-content/uploads/2024/08/56-1.jpg,Star Wars Dark Forces
https://dlpsgame.com/wp-content/uploads/2024/08/55-4.jpg,Fighters Impact
https://dlpsgame.com/wp-content/uploads/2024/08/55-3.jpg,NBA in The Zone 2
https://dlpsgame.com/wp-content/uploads/2024/08/55-2.jpg,Shizuku
https://dlpsgame.com/wp-content/uploads/2024/08/55-1.jpg,World Soccer Winning Eleven 2002
https://dlpsgame.com/wp-content/uploads/2024/08/54.jpg,Jung Rhythm
https://dlpsgame.com/wp-content/uploads/2024/08/54-4.jpg,Biohazard Gun Survivor
https://dlpsgame.com/wp-content/uploads/2024/08/54-3.jpg,NBA Hoopz
https://dlpsgame.com/wp-content/uploads/2024/08/54-2.jpg,Star Wars Episode I Jedi Power Battles
https://dlpsgame.com/wp-content/uploads/2024/08/54-2.jpg,Star Wars Episode I Jedi Power Battles
https://dlpsgame.com/wp-content/uploads/2024/08/53.jpg,Shining The Holy Ark
https://dlpsgame.com/wp-content/uploads/2024/08/53-4.jpg,Baroque
https://dlpsgame.com/wp-content/uploads/2024/08/53-3.jpg,NBA Fastbreak 98
https://dlpsgame.com/wp-content/uploads/2024/08/53-2.jpg,Space Invaders
https://dlpsgame.com/wp-content/uploads/2024/08/53-1.jpg,ISS Pro Evolution 2
https://dlpsgame.com/wp-content/uploads/2024/08/52.jpg,Bionicle
https://dlpsgame.com/wp-content/uploads/2024/08/52-4.jpg,X Men vs Street Fighter EX Edition
https://dlpsgame.com/wp-content/uploads/2024/08/52-3.jpg,Muppet Racemania
https://dlpsgame.com/wp-content/uploads/2024/08/52-2.jpg,Skydiving Extreme
https://dlpsgame.com/wp-content/uploads/2024/08/52-1.jpg,Super Shot Soccer
https://dlpsgame.com/wp-content/uploads/2024/08/51.jpg,Ar Tonelico Melody of Elemia
https://dlpsgame.com/wp-content/uploads/2024/08/51-4.jpg,Shin Megami Tensei If…
https://dlpsgame.com/wp-content/uploads/2024/08/51-3.jpg,Muppet Monster Adventure
https://dlpsgame.com/wp-content/uploads/2024/08/51-2.jpg,Shadow Master
https://dlpsgame.com/wp-content/uploads/2024/08/51-1.jpg,Grand Theft Auto Chinatown Wars
https://dlpsgame.com/wp-content/uploads/2024/08/50-4.jpg,Kamen Rider V3
https://dlpsgame.com/wp-content/uploads/2024/08/50-3.jpg,Hydro Thunder
https://dlpsgame.com/wp-content/uploads/2024/08/50-2.jpg,Robin Hood The Siege
https://dlpsgame.com/wp-content/uploads/2024/08/50-1.jpg,The Sims 2 Castaway
https://dlpsgame.com/wp-content/uploads/2024/08/5.jpg,Bomberman Jetters Densetsu no Bomberman
https://dlpsgame.com/wp-content/uploads/2024/08/5-4.jpg,Blast Radius
https://dlpsgame.com/wp-content/uploads/2024/08/5-3.jpg,Spyro 3.5 Return to The Forgotten Realms
https://dlpsgame.com/wp-content/uploads/2024/08/5-2.jpg,Mortal Kombat 4
https://dlpsgame.com/wp-content/uploads/2024/08/5-1.jpg,Noddy and The Magic Book
https://dlpsgame.com/wp-content/uploads/2024/08/49-4.jpg,Kamen Rider Agito
https://dlpsgame.com/wp-content/uploads/2024/08/49-3.jpg,Midway Presents Arcades Greatest Hits The Atari Collection 1
https://dlpsgame.com/wp-content/uploads/2024/08/49-2.jpg,Power Rangers Time Force
https://dlpsgame.com/wp-content/uploads/2024/08/49-1.jpg,Street Fighter Alpha 3 MAX
https://dlpsgame.com/wp-content/uploads/2024/08/48.jpg,Sonic Mega Collection Plus
https://dlpsgame.com/wp-content/uploads/2024/08/48-4.jpg,Dokapon Ikari No Tetsuken
https://dlpsgame.com/wp-content/uploads/2024/08/48-3.jpg,Dune 2000
https://dlpsgame.com/wp-content/uploads/2024/08/48-2.jpg,Power Rangers Lightspeed Rescue
https://dlpsgame.com/wp-content/uploads/2024/08/48-1.jpg,Kao Challengers
https://dlpsgame.com/wp-content/uploads/2024/08/47.jpg,Ancient Roman Power of Dark Side
https://dlpsgame.com/wp-content/uploads/2024/08/47-4.jpg,Darkseed 2
https://dlpsgame.com/wp-content/uploads/2024/08/47-3.jpg,Williams Arcades Greatest Hits
https://dlpsgame.com/wp-content/uploads/2024/08/47-2.jpg,Monster Rancher
https://dlpsgame.com/wp-content/uploads/2024/08/47-1.jpg,Avatar The Last Airbender
https://dlpsgame.com/wp-content/uploads/2024/08/46.jpg,Deception 3 Dark Delusion
https://dlpsgame.com/wp-content/uploads/2024/08/46-4.jpg,Thunder Truck Rally
https://dlpsgame.com/wp-content/uploads/2024/08/46-3.jpg,War Gods
https://dlpsgame.com/wp-content/uploads/2024/08/46-2.jpg,Monster Rancher 2
https://dlpsgame.com/wp-content/uploads/2024/08/46-1.jpg,OneChanbara Special
https://dlpsgame.com/wp-content/uploads/2024/08/45.jpg,Linkle Liver Story
https://dlpsgame.com/wp-content/uploads/2024/08/45-4.jpg,Three Lions The Official England Team Game
https://dlpsgame.com/wp-content/uploads/2024/08/45-3.jpg,NHL Rock The Rink
https://dlpsgame.com/wp-content/uploads/2024/08/45-2.jpg,Tekken 2
https://dlpsgame.com/wp-content/uploads/2024/08/45-1.jpg,Cloudy With A Chance of Meatballs
https://dlpsgame.com/wp-content/uploads/2024/08/44.jpg,Dragon Force 2
https://dlpsgame.com/wp-content/uploads/2024/08/44-4.jpg,The Last Report
https://dlpsgame.com/wp-content/uploads/2024/08/44-3.jpg,NHL Open Ice 2 on 2 Challenge
https://dlpsgame.com/wp-content/uploads/2024/08/44-2.jpg,Wild 9
https://dlpsgame.com/wp-content/uploads/2024/08/43.jpg,Dragon Force
https://dlpsgame.com/wp-content/uploads/2024/08/43-4.jpg,Surf Riders
https://dlpsgame.com/wp-content/uploads/2024/08/43-3.jpg,NBA Showtime NBA on NBC
https://dlpsgame.com/wp-content/uploads/2024/08/43-2.jpg,Warriors of Might and Magic
https://dlpsgame.com/wp-content/uploads/2024/08/43-1.jpg,Parodius Portable
https://dlpsgame.com/wp-content/uploads/2024/08/42.jpg,Radiant Silvergun EXTRA
https://dlpsgame.com/wp-content/uploads/2024/08/42-4.jpg,Super Dropzone Intergalactic Rescue Mission
https://dlpsgame.com/wp-content/uploads/2024/08/42-3.jpg,NBA Shootout 2004
https://dlpsgame.com/wp-content/uploads/2024/08/42-2.jpg,Torneko The Last Hope World of Dragon Warrior
https://dlpsgame.com/wp-content/uploads/2024/08/42-1.jpg,Tokobot
https://dlpsgame.com/wp-content/uploads/2024/08/41.jpg,Sega Ages OutRun
https://dlpsgame.com/wp-content/uploads/2024/08/41-4.jpg,Sentient
https://dlpsgame.com/wp-content/uploads/2024/08/41-3.jpg,NBA Live 2003
https://dlpsgame.com/wp-content/uploads/2024/08/41-2.jpg,The Granstream Saga
https://dlpsgame.com/wp-content/uploads/2024/08/41-1.jpg,Bleach Heat The Soul 7
https://dlpsgame.com/wp-content/uploads/2024/08/40c.jpg,Thunder Force Gold Pack 2
https://dlpsgame.com/wp-content/uploads/2024/08/40b.jpg,Thunder Force Gold Pack 1
https://dlpsgame.com/wp-content/uploads/2024/08/40a.jpg,Thunder Force V
https://dlpsgame.com/wp-content/uploads/2024/08/40.jpg,CID The Dummy
https://dlpsgame.com/wp-content/uploads/2024/08/40-2.jpg,NBA Live 2002
https://dlpsgame.com/wp-content/uploads/2024/08/40-1.jpg,The Final Round
https://dlpsgame.com/wp-content/uploads/2024/08/4-2.jpg,Blast Lacrosse
https://dlpsgame.com/wp-content/uploads/2024/08/4-1.jpg,Sky Odyssey
https://dlpsgame.com/wp-content/uploads/2024/08/39.jpg,Norse by Norsewest The Return of The Lost Vikings
https://dlpsgame.com/wp-content/uploads/2024/08/39-3.jpg,Dare Devil Derby 3D
https://dlpsgame.com/wp-content/uploads/2024/08/39-2.jpg,NBA Live 2001
https://dlpsgame.com/wp-content/uploads/2024/08/39-1.jpg,Disruptor
https://dlpsgame.com/wp-content/uploads/2024/08/38.jpg,Sega Ages Space Harrier
https://dlpsgame.com/wp-content/uploads/2024/08/38-4.jpg,Buster Bros Collection
https://dlpsgame.com/wp-content/uploads/2024/08/38-3.jpg,NBA Live 2000
https://dlpsgame.com/wp-content/uploads/2024/08/38-2.jpg,Disneys The Lion King Simbas Mighty Adventure
https://dlpsgame.com/wp-content/uploads/2024/08/38-1.jpg,Ys Seven
https://dlpsgame.com/wp-content/uploads/2024/08/37.jpg,Bulk Slash
https://dlpsgame.com/wp-content/uploads/2024/08/37-3.jpg,Castlevania Chronicles
https://dlpsgame.com/wp-content/uploads/2024/08/37-2.jpg,Darkstalkers The Night Warriors
https://dlpsgame.com/wp-content/uploads/2024/08/37-1.jpg,Final Fantasy III 3D Remake
https://dlpsgame.com/wp-content/uploads/2024/08/36.jpg,Mega Man Maverick Hunter X
https://dlpsgame.com/wp-content/uploads/2024/08/36-1.jpg,Legacy of Kain Soul Reaver 2
https://dlpsgame.com/wp-content/uploads/2024/08/35.jpg,Monster Hunter Freedom
https://dlpsgame.com/wp-content/uploads/2024/08/35-2.jpg,Capcom Generations
https://dlpsgame.com/wp-content/uploads/2024/08/35-1.jpg,China The Forbidden City
https://dlpsgame.com/wp-content/uploads/2024/08/34.jpg,Monster Hunter Freedom 2
https://dlpsgame.com/wp-content/uploads/2024/08/34-2.jpg,Carnage Heart
https://dlpsgame.com/wp-content/uploads/2024/08/34-1.jpg,Zombie Hunters 2
https://dlpsgame.com/wp-content/uploads/2024/08/33.jpg,Monster Hunter Freedom Unite
https://dlpsgame.com/wp-content/uploads/2024/08/33-3.jpg,Robocod James Pond 2
https://dlpsgame.com/wp-content/uploads/2024/08/33-2.jpg,Toshinden 4
https://dlpsgame.com/wp-content/uploads/2024/08/33-1.jpg,Evil Twin Cypriens Chronicles
https://dlpsgame.com/wp-content/uploads/2024/08/32.jpg,Scarface Money Power Respect
https://dlpsgame.com/wp-content/uploads/2024/08/32-3.jpg,Ready 2 Rumble Boxing
https://dlpsgame.com/wp-content/uploads/2024/08/32-2.jpg,Sentinel Returns
https://dlpsgame.com/wp-content/uploads/2024/08/32-1.jpg,Oretachi Game Center Zoku Contra
https://dlpsgame.com/wp-content/uploads/2024/08/31.jpg,Unbound Saga
https://dlpsgame.com/wp-content/uploads/2024/08/31-3.jpg,MTV Sports TJ Lavins Ultimate BMX
https://dlpsgame.com/wp-content/uploads/2024/08/31-2.jpg,Risk
https://dlpsgame.com/wp-content/uploads/2024/08/31-1.jpg,Fallout Brotherhood of Steel
https://dlpsgame.com/wp-content/uploads/2024/08/30.jpg,The Legend of Heroes A Tear of Vermillion
https://dlpsgame.com/wp-content/uploads/2024/08/30-2.jpg,MTV Sports Skateboarding featuring Andy Macdonald
https://dlpsgame.com/wp-content/uploads/2024/08/30-1.jpg,Champions Return To Arms
https://dlpsgame.com/wp-content/uploads/2024/08/3.jpg,Xenon Valkyrie Plus
https://dlpsgame.com/wp-content/uploads/2024/08/3-6.jpg,Billiards
https://dlpsgame.com/wp-content/uploads/2024/08/3-5.jpg,The X Files
https://dlpsgame.com/wp-content/uploads/2024/08/3-4.jpg,DOOM Master Edition
https://dlpsgame.com/wp-content/uploads/2024/08/3-3.jpg,James Camerons Dark Angel
https://dlpsgame.com/wp-content/uploads/2024/08/3-2.jpg,Pac Man World 2
https://dlpsgame.com/wp-content/uploads/2024/08/3-1.jpg,Esper
https://dlpsgame.com/wp-content/uploads/2024/08/29.jpg,The Legend of Heroes Trails in The Sky
https://dlpsgame.com/wp-content/uploads/2024/08/29-3.jpg,South Park
https://dlpsgame.com/wp-content/uploads/2024/08/29-2.jpg,Soul of The Samurai
https://dlpsgame.com/wp-content/uploads/2024/08/29-1.jpg,OutRun 2 SP Special Tours
https://dlpsgame.com/wp-content/uploads/2024/08/28.jpg,The Legend of Heroes 3 Song of The Ocean
https://dlpsgame.com/wp-content/uploads/2024/08/28-4.jpg,Vegas Games 2000
https://dlpsgame.com/wp-content/uploads/2024/08/28-3.jpg,Mortal Kombat Mythologies Sub Zero
https://dlpsgame.com/wp-content/uploads/2024/08/28-2.jpg,Rapid Racer
https://dlpsgame.com/wp-content/uploads/2024/08/28-1.jpg,Radiata Stories
https://dlpsgame.com/wp-content/uploads/2024/08/27a.jpg,The Italian Job (2002)
https://dlpsgame.com/wp-content/uploads/2024/08/27.jpg,The Legend of Heroes 2 Prophecy of The Moonlight Witch
https://dlpsgame.com/wp-content/uploads/2024/08/27-4.jpg,Army Men Sarges Heroes 2
https://dlpsgame.com/wp-content/uploads/2024/08/27-3.jpg,Kiss Pinball
https://dlpsgame.com/wp-content/uploads/2024/08/27-2.jpg,Poy Poy
https://dlpsgame.com/wp-content/uploads/2024/08/27-1.jpg,The Italian Job (2003)
https://dlpsgame.com/wp-content/uploads/2024/08/26.jpg,Phineas and Ferb Across the 2nd Dimension
https://dlpsgame.com/wp-content/uploads/2024/08/26-4.jpg,Area 51 (1996)
https://dlpsgame.com/wp-content/uploads/2024/08/26-3.jpg,G Police
https://dlpsgame.com/wp-content/uploads/2024/08/26-2.jpg,Poy Poy 2
https://dlpsgame.com/wp-content/uploads/2024/08/26-1.jpg,Terminator 3 Rise of The Machines
https://dlpsgame.com/wp-content/uploads/2024/08/25-4.jpg,Archer MaCleans 3D Pool
https://dlpsgame.com/wp-content/uploads/2024/08/25-3.jpg,Largo Winch Commando Sar
https://dlpsgame.com/wp-content/uploads/2024/08/25-2.jpg,Hybrid
https://dlpsgame.com/wp-content/uploads/2024/08/25-1.jpg,Garfield 2
https://dlpsgame.com/wp-content/uploads/2024/08/24.jpg,Crimson Gem Saga
https://dlpsgame.com/wp-content/uploads/2024/08/24-3.jpg,Arcade Party Pak
https://dlpsgame.com/wp-content/uploads/2024/08/24-2.jpg,Mortal Kombat 3
https://dlpsgame.com/wp-content/uploads/2024/08/24-1.jpg,Final Fantasy VI
https://dlpsgame.com/wp-content/uploads/2024/08/23.jpg,Iron Man 2
https://dlpsgame.com/wp-content/uploads/2024/08/23-4.jpg,Arcades Greatest Hits The Midway Collection 2
https://dlpsgame.com/wp-content/uploads/2024/08/23-3.jpg,Mortal Kombat 2
https://dlpsgame.com/wp-content/uploads/2024/08/23-2.jpg,Extreme Ghostbusters The Ultimate Invasion
https://dlpsgame.com/wp-content/uploads/2024/08/23-1.jpg,The Sword of Etheria
https://dlpsgame.com/wp-content/uploads/2024/08/22.jpg,Star Wars Lethal Alliance
https://dlpsgame.com/wp-content/uploads/2024/08/22-4.jpg,Animal Snap Rescue Them 2 by 2
https://dlpsgame.com/wp-content/uploads/2024/08/22-3.jpg,Street Fighter Collection
https://dlpsgame.com/wp-content/uploads/2024/08/22-2.jpg,Dragon Valor
https://dlpsgame.com/wp-content/uploads/2024/08/21.jpg,Star Wars Battlefront Elite Squadron
https://dlpsgame.com/wp-content/uploads/2024/08/21-3.jpg,Animal Football
https://dlpsgame.com/wp-content/uploads/2024/08/21-2.jpg,Transport Tycoon
https://dlpsgame.com/wp-content/uploads/2024/08/21-1.jpg,WE10 History of English Football
https://dlpsgame.com/wp-content/uploads/2024/08/20.jpg,Unchained Blades
https://dlpsgame.com/wp-content/uploads/2024/08/20-4.jpg,Andretti Racing
https://dlpsgame.com/wp-content/uploads/2024/08/20-3.jpg,Theme Hospital
https://dlpsgame.com/wp-content/uploads/2024/08/20-2.jpg,Tokyo Highway Battle
https://dlpsgame.com/wp-content/uploads/2024/08/20-1.jpg,Mafia
https://dlpsgame.com/wp-content/uploads/2024/08/2.jpg,GigaBash
https://dlpsgame.com/wp-content/uploads/2024/08/2-4.jpg,Racing Lagoon
https://dlpsgame.com/wp-content/uploads/2024/08/2-3.jpg,WWE Crush Hour
https://dlpsgame.com/wp-content/uploads/2024/08/2-2.jpg,Pac Man Fever
https://dlpsgame.com/wp-content/uploads/2024/08/2-1.jpg,Traffic Jams
https://dlpsgame.com/wp-content/uploads/2024/08/19.jpg,Star Wars Battlefront Renegade Squadron
https://dlpsgame.com/wp-content/uploads/2024/08/19-3.jpg,NU POGODI
https://dlpsgame.com/wp-content/uploads/2024/08/19-2.jpg,Terracon
https://dlpsgame.com/wp-content/uploads/2024/08/19-1.jpg,Celeste Classic
https://dlpsgame.com/wp-content/uploads/2024/08/18-4.jpg,Jim Hensons Bear in The Big Blue House
https://dlpsgame.com/wp-content/uploads/2024/08/18-3.jpg,World Soccer Jikkyou Winning Eleven 3 Final Ver
https://dlpsgame.com/wp-content/uploads/2024/08/18-2.jpg,Team Buddies
https://dlpsgame.com/wp-content/uploads/2024/08/18-1.jpg,GrimGrimoire
https://dlpsgame.com/wp-content/uploads/2024/08/17b.jpg,Ghost in The Shell
https://dlpsgame.com/wp-content/uploads/2024/08/17a.jpg,Ghost in The Shell Stand Alone Complex
https://dlpsgame.com/wp-content/uploads/2024/08/17-3.jpg,BattleTanx Global Assault
https://dlpsgame.com/wp-content/uploads/2024/08/17-2.jpg,TOCA Touring Car Championship
https://dlpsgame.com/wp-content/uploads/2024/08/17-1.jpg,Tank Racer
https://dlpsgame.com/wp-content/uploads/2024/08/16.jpg,Dino Crisis 2
https://dlpsgame.com/wp-content/uploads/2024/08/16-4.jpg,Barbie Super Sports
https://dlpsgame.com/wp-content/uploads/2024/08/16-3.jpg,TOCA 2 Touring Car
https://dlpsgame.com/wp-content/uploads/2024/08/16-2.jpg,Turnabout
https://dlpsgame.com/wp-content/uploads/2024/08/16-1.jpg,Teenage Mutant Ninja Turtles Shredders Re Revenge
https://dlpsgame.com/wp-content/uploads/2024/08/15x.jpg,Hulk
https://dlpsgame.com/wp-content/uploads/2024/08/15-3.jpg,Barbie Explorer
https://dlpsgame.com/wp-content/uploads/2024/08/15-2.jpg,Christmas Hack Collection
https://dlpsgame.com/wp-content/uploads/2024/08/15-1.jpg,Star Ixiom
https://dlpsgame.com/wp-content/uploads/2024/08/14.jpg,Magic Pengel The Quest for Color
https://dlpsgame.com/wp-content/uploads/2024/08/14-4.jpg,Backyard Soccer
https://dlpsgame.com/wp-content/uploads/2024/08/14-3.jpg,NBA Jam Tournament Edition
https://dlpsgame.com/wp-content/uploads/2024/08/14-2.jpg,Strikers 1945 II
https://dlpsgame.com/wp-content/uploads/2024/08/14-1.jpg,Nightshade
https://dlpsgame.com/wp-content/uploads/2024/08/13-4.jpg,Backstreet Billiards
https://dlpsgame.com/wp-content/uploads/2024/08/13-3.jpg,NES on PS1
https://dlpsgame.com/wp-content/uploads/2024/08/13-2.jpg,Silent Iron
https://dlpsgame.com/wp-content/uploads/2024/08/13-1.jpg,Blitz The League
https://dlpsgame.com/wp-content/uploads/2024/08/12.jpg,Blitz Overtime
https://dlpsgame.com/wp-content/uploads/2024/08/12-3.jpg,WWF SmackDown 2 Know Your Role
https://dlpsgame.com/wp-content/uploads/2024/08/12-2.jpg,Sidewinder 2 Lets Dance in The Sky
https://dlpsgame.com/wp-content/uploads/2024/08/12-1.jpg,The Chronicles of Narnia The Lion The Witch and The Wardrobe
https://dlpsgame.com/wp-content/uploads/2024/08/114.jpg,Manhunt 2
https://dlpsgame.com/wp-content/uploads/2024/08/112.jpg,Space Quest V The Next Mutation
https://dlpsgame.com/wp-content/uploads/2024/08/111.jpg,Tomb Raider Underworld
https://dlpsgame.com/wp-content/uploads/2024/08/110.jpg,The Great Escape
https://dlpsgame.com/wp-content/uploads/2024/08/11.jpg,Savage Moon The Hera Campaign
https://dlpsgame.com/wp-content/uploads/2024/08/11-4.jpg,Army Men 3D
https://dlpsgame.com/wp-content/uploads/2024/08/11-3.jpg,Resident Evil 1.5 Magic Zombie Door
https://dlpsgame.com/wp-content/uploads/2024/08/11-2.jpg,Sidewinder USA
https://dlpsgame.com/wp-content/uploads/2024/08/11-1.jpg,BioHazard Outbreak
https://dlpsgame.com/wp-content/uploads/2024/08/109.jpg,Shin Megami Tensei Persona 4
https://dlpsgame.com/wp-content/uploads/2024/08/108.jpg,Futurama
https://dlpsgame.com/wp-content/uploads/2024/08/107.jpg,Stuntman Ignition
https://dlpsgame.com/wp-content/uploads/2024/08/106c.jpg,NFL Street 3
https://dlpsgame.com/wp-content/uploads/2024/08/106b.jpg,NFL Street 2
https://dlpsgame.com/wp-content/uploads/2024/08/106a.jpg,NFL Street
https://dlpsgame.com/wp-content/uploads/2024/08/105b.jpg,Fight Night Round 2
https://dlpsgame.com/wp-content/uploads/2024/08/105a.jpg,Fight Night 2004
https://dlpsgame.com/wp-content/uploads/2024/08/104.jpg,Sniper Elite
https://dlpsgame.com/wp-content/uploads/2024/08/103.jpg,Astal
https://dlpsgame.com/wp-content/uploads/2024/08/102.jpg,Keio Flying Squadron 2
https://dlpsgame.com/wp-content/uploads/2024/08/101.jpg,Zanma Chou Ougi Valhollian
https://dlpsgame.com/wp-content/uploads/2024/08/100.jpg,Lupin Sansei
https://dlpsgame.com/wp-content/uploads/2024/08/100-2.jpg,Killing Time (Prototype)
https://dlpsgame.com/wp-content/uploads/2024/08/100-1.jpg,Big Air
https://dlpsgame.com/wp-content/uploads/2024/08/10.jpg,Class of Heroes
https://dlpsgame.com/wp-content/uploads/2024/08/10-3.jpg,Army Men World War Final Front
https://dlpsgame.com/wp-content/uploads/2024/08/10-2.jpg,Lode Runner
https://dlpsgame.com/wp-content/uploads/2024/08/10-1.jpg,BioHazard Outbreak File 2
https://dlpsgame.com/wp-content/uploads/2024/08/1-9.jpg,Tunnel B1
https://dlpsgame.com/wp-content/uploads/2024/08/1-8.jpg,The Secret Saturdays Beasts of The 5th Sun
https://dlpsgame.com/wp-content/uploads/2024/08/1-7.jpg,Disneys Tarzan
https://dlpsgame.com/wp-content/uploads/2024/08/1-6.jpg,Animal Hospital
https://dlpsgame.com/wp-content/uploads/2024/08/1-5.jpg,Pac Man World Rally
https://dlpsgame.com/wp-content/uploads/2024/08/1-4.jpg,Call of Duty Black Ops 6
https://dlpsgame.com/wp-content/uploads/2024/08/1-3.jpg,Shadow Point
https://dlpsgame.com/wp-content/uploads/2024/08/1-2.jpg,Nour Play With Your Food
https://dlpsgame.com/wp-content/uploads/2024/08/1-13.jpg,Big Bass Fishing
https://dlpsgame.com/wp-content/uploads/2024/08/1-10.jpg,Test Drive 6
https://dlpsgame.com/wp-content/uploads/2024/08/1-1.jpg,Velocity 2X
https://dlpsgame.com/wp-content/uploads/2024/08/1-1-1.jpg,Death Squared
https://dlpsgame.com/wp-content/uploads/2024/08/02.jpg,Big Strike Bowling
https://dlpsgame.com/wp-content/uploads/2024/05/1.jpg,Cutie Hacks Oh no Someone Stole My Photos
